gene_info,chr1,start,end,TE_id,UniqPathogens,TE_location,class,family,feature,chr2,gene_start,gene_end,gene_width,strand,distance,gene_name
ENSG00000003402.21,chr2,201115393,201115711,AluJb_c2673457,5,AluJb_chr2:201115394,SINE,Alu,intergenic,chr2,201116153,201176687,60534,+,443,CFLAR
ENSG00000010030.14,chr6,36352333,36353013,L1MB7_c4102673,6,L1MB7_chr6:36352334,LINE,L1,intergenic,chr6,36354090,36387800,33710,-,1078,ETV7
ENSG00000010030.14,chr6,36353013,36353561,MER41D_c4102674,6,MER41D_chr6:36353014,LTR,ERV1,intergenic,chr6,36354090,36387800,33710,-,530,ETV7
ENSG00000010030.14,chr6,36353626,36354005,THE1B_c4102676,6,THE1B_chr6:36353627,LTR,ERVL-MaLR,intergenic,chr6,36354090,36387800,33710,-,86,ETV7
ENSG00000023445.16,chr11,102340485,102340926,L2b_c886000,5,L2b_chr11:102340486,LINE,L2,intergenic,chr11,102317449,102339403,21954,+,1083,BIRC3
ENSG00000026508.21,chr11,35233505,35234813,HAL1_c762663,5,HAL1_chr11:35233506,LINE,L1,intergenic,chr11,35138881,35232402,93521,+,1104,CD44
ENSG00000026751.17,chr1,160754929,160755224,AluSz_c288152,10,AluSz_chr1:160754930,SINE,Alu,intergenic,chr1,160739056,160754821,15765,+,109,SLAMF7
ENSG00000026751.17,chr1,160755813,160756031,L1ME4a_c288156,6,L1ME4a_chr1:160755814,LINE,L1,intergenic,chr1,160739056,160754821,15765,+,993,SLAMF7
ENSG00000026751.17,chr1,160756728,160757119,L2b_c288158,7,L2b_chr1:160756729,LINE,L2,intergenic,chr1,160739056,160754821,15765,+,1908,SLAMF7
ENSG00000026751.17,chr1,160757125,160757275,L2b_c288159,6,L2b_chr1:160757126,LINE,L2,intergenic,chr1,160739056,160754821,15765,+,2305,SLAMF7
ENSG00000026751.17,chr1,160757377,160757740,L1MEg_c288160,6,L1MEg_chr1:160757378,LINE,L1,intergenic,chr1,160739056,160754821,15765,+,2557,SLAMF7
ENSG00000037897.17,chr12,57768011,57768304,AluJb_c1050174,5,AluJb_chr12:57768012,SINE,Alu,intergenic,chr12,57768470,57772119,3649,-,167,METTL1
ENSG00000049249.10,chr1,7911374,7911569,MIRb_c12763,5,MIRb_chr1:7911375,SINE,MIR,intergenic,chr1,7915870,7940839,24969,-,4302,TNFRSF9
ENSG00000049249.10,chr1,7912116,7912451,MER101_c12765,5,MER101_chr1:7912117,LTR,ERV1,intergenic,chr1,7915870,7940839,24969,-,3420,TNFRSF9
ENSG00000049249.10,chr1,7912451,7912712,AluSx3_c12766,5,AluSx3_chr1:7912452,SINE,Alu,intergenic,chr1,7915870,7940839,24969,-,3159,TNFRSF9
ENSG00000049249.10,chr1,7912865,7913475,LTR36_c12767,6,LTR36_chr1:7912866,LTR,ERV1,intergenic,chr1,7915870,7940839,24969,-,2396,TNFRSF9
ENSG00000049249.10,chr1,7914839,7915053,AluJb_c12771,6,AluJb_chr1:7914840,SINE,Alu,intergenic,chr1,7915870,7940839,24969,-,818,TNFRSF9
ENSG00000049249.10,chr1,7915063,7915373,AluSz6_c12772,5,AluSz6_chr1:7915064,SINE,Alu,intergenic,chr1,7915870,7940839,24969,-,498,TNFRSF9
ENSG00000049249.10,chr1,7915383,7915685,AluSx_c12773,5,AluSx_chr1:7915384,SINE,Alu,intergenic,chr1,7915870,7940839,24969,-,186,TNFRSF9
ENSG00000050730.16,chr4,121128015,121129401,L1PA3_c3598616,8,L1PA3_chr4:121128016,LINE,L1,intergenic,chr4,121131407,121227466,96059,-,2007,TNIP3
ENSG00000050730.16,chr4,121129708,121129822,MIRc_c3598617,9,MIRc_chr4:121129709,SINE,MIR,intergenic,chr4,121131407,121227466,96059,-,1586,TNIP3
ENSG00000056558.11,chr9,120898666,120898908,MIR_c5104404,11,MIR_chr9:120898667,SINE,MIR,intergenic,chr9,120902392,120929173,26781,-,3485,TRAF1
ENSG00000056558.11,chr9,120898916,120899216,AluSx1_c5104405,10,AluSx1_chr9:120898917,SINE,Alu,intergenic,chr9,120902392,120929173,26781,-,3177,TRAF1
ENSG00000056558.11,chr9,120899216,120899519,AluY_c5104406,10,AluY_chr9:120899217,SINE,Alu,intergenic,chr9,120902392,120929173,26781,-,2874,TRAF1
ENSG00000056558.11,chr9,120899582,120899649,MIRb_c5104407,10,MIRb_chr9:120899583,SINE,MIR,intergenic,chr9,120902392,120929173,26781,-,2744,TRAF1
ENSG00000056558.11,chr9,120899851,120899930,MIR1_Amn_c5104408,10,MIR1_Amn_chr9:120899852,SINE,MIR,intergenic,chr9,120902392,120929173,26781,-,2463,TRAF1
ENSG00000056558.11,chr9,120899990,120900286,AluSx_c5104409,9,AluSx_chr9:120899991,SINE,Alu,intergenic,chr9,120902392,120929173,26781,-,2107,TRAF1
ENSG00000056558.11,chr9,120900335,120900562,L1ME4a_c5104410,11,L1ME4a_chr9:120900336,LINE,L1,intergenic,chr9,120902392,120929173,26781,-,1831,TRAF1
ENSG00000056558.11,chr9,120900562,120900865,AluJr_c5104411,11,AluJr_chr9:120900563,SINE,Alu,intergenic,chr9,120902392,120929173,26781,-,1528,TRAF1
ENSG00000056558.11,chr9,120900865,120900906,L1ME4a_c5104412,10,L1ME4a_chr9:120900866,LINE,L1,intergenic,chr9,120902392,120929173,26781,-,1487,TRAF1
ENSG00000056558.11,chr9,120901191,120901493,AluSx_c5104413,11,AluSx_chr9:120901192,SINE,Alu,intergenic,chr9,120902392,120929173,26781,-,900,TRAF1
ENSG00000056558.11,chr9,120901499,120901608,MIR3_c5104414,11,MIR3_chr9:120901500,SINE,MIR,intergenic,chr9,120902392,120929173,26781,-,785,TRAF1
ENSG00000056558.11,chr9,120902168,120902268,MER5B_c5104415,11,MER5B_chr9:120902169,DNA,hAT-Charlie,intergenic,chr9,120902392,120929173,26781,-,125,TRAF1
ENSG00000067082.15,chr10,3775131,3775203,MIRc_c458799,5,MIRc_chr10:3775132,SINE,MIR,intergenic,chr10,3775995,3785281,9286,-,793,KLF6
ENSG00000075420.13,chr3,172401791,172402423,HAL1_c3336061,6,HAL1_chr3:172401792,LINE,L1,intergenic,chr3,172039577,172401669,362092,+,123,FNDC3B
ENSG00000075420.13,chr3,172402998,172403348,HAL1_c3336064,5,HAL1_chr3:172402999,LINE,L1,intergenic,chr3,172039577,172401669,362092,+,1330,FNDC3B
ENSG00000075420.13,chr3,172403681,172403762,L2a_c3336065,5,L2a_chr3:172403682,LINE,L2,intergenic,chr3,172039577,172401669,362092,+,2013,FNDC3B
ENSG00000075420.13,chr3,172404137,172404945,L1M4_c3336067,6,L1M4_chr3:172404138,LINE,L1,intergenic,chr3,172039577,172401669,362092,+,2469,FNDC3B
ENSG00000081041.9,chr4,74096174,74096724,MER41B_c3518800,6,MER41B_chr4:74096175,LTR,ERV1,intergenic,chr4,74097039,74099195,2156,-,316,CXCL2
ENSG00000084734.9,chr2,27527089,27527761,L1MD3_c2369562,5,L1MD3_chr2:27527090,LINE,L1,intergenic,chr2,27496838,27523684,26846,+,3406,GCKR
ENSG00000087074.9,chr19,48876221,48877217,LTR13_c2294394,5,LTR13_chr19:48876222,LTR,ERVK,intergenic,chr19,48872211,48876059,3848,+,163,PPP1R15A
ENSG00000087237.12,chr16,56984582,56985152,LTR10A_c1806443,5,LTR10A_chr16:56984583,LTR,ERV1,intergenic,chr16,56961922,56983845,21923,+,738,CETP
ENSG00000087237.12,chr16,56985393,56985521,L2b_c1806444,5,L2b_chr16:56985394,LINE,L2,intergenic,chr16,56961922,56983845,21923,+,1549,CETP
ENSG00000089351.15,chr19,34985460,34986081,L1M7_c2257758,6,L1M7_chr19:34985461,LINE,L1,intergenic,chr19,34994783,35026471,31688,+,8703,GRAMD1A
ENSG00000089351.15,chr19,34988623,34988935,AluSz_c2257767,5,AluSz_chr19:34988624,SINE,Alu,intergenic,chr19,34994783,35026471,31688,+,5849,GRAMD1A
ENSG00000089351.15,chr19,34989089,34989337,AluJo_c2257768,6,AluJo_chr19:34989090,SINE,Alu,intergenic,chr19,34994783,35026471,31688,+,5447,GRAMD1A
ENSG00000089351.15,chr19,35026631,35026792,MIR_c2257862,6,MIR_chr19:35026632,SINE,MIR,intergenic,chr19,34994783,35026471,31688,+,161,GRAMD1A
ENSG00000089351.15,chr19,35026792,35026967,MER5A_c2257863,5,MER5A_chr19:35026793,DNA,hAT-Charlie,intergenic,chr19,34994783,35026471,31688,+,322,GRAMD1A
ENSG00000089351.15,chr19,35026967,35027264,AluJr_c2257864,5,AluJr_chr19:35026968,SINE,Alu,intergenic,chr19,34994783,35026471,31688,+,497,GRAMD1A
ENSG00000089351.15,chr19,35027805,35028063,MIR_c2257869,5,MIR_chr19:35027806,SINE,MIR,intergenic,chr19,34994783,35026471,31688,+,1335,GRAMD1A
ENSG00000100906.12,chr14,35397694,35397806,L2c_c1401564,6,L2c_chr14:35397695,LINE,L2,intergenic,chr14,35401512,35404749,3237,-,3707,NFKBIA
ENSG00000100906.12,chr14,35399668,35399979,AluSx1_c1401567,7,AluSx1_chr14:35399669,SINE,Alu,intergenic,chr14,35401512,35404749,3237,-,1534,NFKBIA
ENSG00000100906.12,chr14,35400232,35400526,AluJr_c1401568,7,AluJr_chr14:35400233,SINE,Alu,intergenic,chr14,35401512,35404749,3237,-,987,NFKBIA
ENSG00000100906.12,chr14,35400528,35400597,L1PB4_c1401569,5,L1PB4_chr14:35400529,LINE,L1,intergenic,chr14,35401512,35404749,3237,-,916,NFKBIA
ENSG00000100906.12,chr14,35400954,35401061,MIRb_c1401570,10,MIRb_chr14:35400955,SINE,MIR,intergenic,chr14,35401512,35404749,3237,-,452,NFKBIA
ENSG00000104312.8,chr8,89791137,89791249,L1ME3G_c4773521,6,L1ME3G_chr8:89791138,LINE,L1,intergenic,chr8,89757815,89791064,33249,+,74,RIPK2
ENSG00000104312.8,chr8,89792793,89792975,MER5A_c4773525,5,MER5A_chr8:89792794,DNA,hAT-Charlie,intergenic,chr8,89757815,89791064,33249,+,1730,RIPK2
ENSG00000104312.8,chr8,89793554,89793856,AluSq2_c4773526,5,AluSq2_chr8:89793555,SINE,Alu,intergenic,chr8,89757815,89791064,33249,+,2491,RIPK2
ENSG00000104312.8,chr8,89794175,89794284,L3_c4773527,5,L3_chr8:89794176,LINE,CR1,intergenic,chr8,89757815,89791064,33249,+,3112,RIPK2
ENSG00000104312.8,chr8,89796869,89797498,MER41B_c4773533,6,MER41B_chr8:89796870,LTR,ERV1,intergenic,chr8,89757815,89791064,33249,+,5806,RIPK2
ENSG00000104312.8,chr8,89797592,89798023,MER65C_c4773535,5,MER65C_chr8:89797593,LTR,ERV1,intergenic,chr8,89757815,89791064,33249,+,6529,RIPK2
ENSG00000104312.8,chr8,89798414,89798599,MLT1C2_c4773536,5,MLT1C2_chr8:89798415,LTR,ERVL-MaLR,intergenic,chr8,89757815,89791064,33249,+,7351,RIPK2
ENSG00000104312.8,chr8,89799346,89799643,LTR24B_c4773540,5,LTR24B_chr8:89799347,LTR,ERV1,intergenic,chr8,89757815,89791064,33249,+,8283,RIPK2
ENSG00000105246.6,chr19,4237714,4238006,AluSg_c2192287,5,AluSg_chr19:4237715,SINE,Alu,intergenic,chr19,4229522,4237528,8006,+,187,EBI3
ENSG00000105246.6,chr19,4238026,4238326,AluSx1_c2192288,5,AluSx1_chr19:4238027,SINE,Alu,intergenic,chr19,4229522,4237528,8006,+,499,EBI3
ENSG00000105246.6,chr19,4238510,4238818,AluSx3_c2192289,6,AluSx3_chr19:4238511,SINE,Alu,intergenic,chr19,4229522,4237528,8006,+,983,EBI3
ENSG00000105246.6,chr19,4239001,4239063,L2b_c2192290,7,L2b_chr19:4239002,LINE,L2,intergenic,chr19,4229522,4237528,8006,+,1474,EBI3
ENSG00000105246.6,chr19,4239225,4239357,AluJb_c2192291,6,AluJb_chr19:4239226,SINE,Alu,intergenic,chr19,4229522,4237528,8006,+,1698,EBI3
ENSG00000105246.6,chr19,4239357,4239647,AluSx4_c2192292,6,AluSx4_chr19:4239358,SINE,Alu,intergenic,chr19,4229522,4237528,8006,+,1830,EBI3
ENSG00000105246.6,chr19,4239690,4239853,AluJr_c2192294,5,AluJr_chr19:4239691,SINE,Alu,intergenic,chr19,4229522,4237528,8006,+,2163,EBI3
ENSG00000105246.6,chr19,4239856,4240158,AluSx3_c2192295,6,AluSx3_chr19:4239857,SINE,Alu,intergenic,chr19,4229522,4237528,8006,+,2329,EBI3
ENSG00000105246.6,chr19,4240328,4240634,AluY_c2192297,6,AluY_chr19:4240329,SINE,Alu,intergenic,chr19,4229522,4237528,8006,+,2801,EBI3
ENSG00000105246.6,chr19,4240658,4240951,AluJo_c2192298,6,AluJo_chr19:4240659,SINE,Alu,intergenic,chr19,4229522,4237528,8006,+,3131,EBI3
ENSG00000105246.6,chr19,4241127,4241428,AluJr_c2192301,7,AluJr_chr19:4241128,SINE,Alu,intergenic,chr19,4229522,4237528,8006,+,3600,EBI3
ENSG00000105246.6,chr19,4241552,4241851,AluSz_c2192304,6,AluSz_chr19:4241553,SINE,Alu,intergenic,chr19,4229522,4237528,8006,+,4025,EBI3
ENSG00000105711.14,chr19,35029572,35029907,L2a_c2257876,5,L2a_chr19:35029573,LINE,L2,intergenic,chr19,35030469,35040449,9980,+,563,SCN1B
ENSG00000105835.13,chr7,106244616,106246923,L1P1_c4524107,5,L1P1_chr7:106244617,LINE,L1,intergenic,chr7,106248297,106285966,37669,-,1375,NAMPT
ENSG00000105855.10,chr7,20422018,20422378,LTR78_c4366593,5,LTR78_chr7:20422019,LTR,ERV1,intergenic,chr7,20330701,20415754,85053,+,6265,ITGB8
ENSG00000105993.15,chr7,157310654,157311042,LTR54_c4616315,5,LTR54_chr7:157310655,LTR,ERV1,intergenic,chr7,157336965,157417439,80474,+,25924,DNAJB6
ENSG00000106803.10,chr9,99237825,99238184,THE1B_c5058680,5,THE1B_chr9:99237826,LTR,ERVL-MaLR,intergenic,chr9,99222063,99230615,8552,+,7211,SEC61B
ENSG00000107020.10,chr9,5438708,5438894,MIRb_c4922016,6,MIRb_chr9:5438709,SINE,MIR,intergenic,chr9,5357970,5437925,79955,-,784,PLGRKT
ENSG00000107020.10,chr9,5438897,5439297,LTR33_c4922017,7,LTR33_chr9:5438898,LTR,ERVL,intergenic,chr9,5357970,5437925,79955,-,973,PLGRKT
ENSG00000107020.10,chr9,5439306,5439666,L1PA5_c4922018,6,L1PA5_chr9:5439307,LINE,L1,intergenic,chr9,5357970,5437925,79955,-,1382,PLGRKT
ENSG00000107020.10,chr9,5439671,5439974,ERVL-E-int_c4922019,6,ERVL-E-int_chr9:5439672,LTR,ERVL,intergenic,chr9,5357970,5437925,79955,-,1747,PLGRKT
ENSG00000107020.10,chr9,5440313,5440804,MER31B_c4922020,8,MER31B_chr9:5440314,LTR,ERV1,intergenic,chr9,5357970,5437925,79955,-,2389,PLGRKT
ENSG00000107020.10,chr9,5440900,5441330,LTR33_c4922021,7,LTR33_chr9:5440901,LTR,ERVL,intergenic,chr9,5357970,5437925,79955,-,2976,PLGRKT
ENSG00000108702.4,chr17,34359858,34360050,MIR3_c1944964,8,MIR3_chr17:34359859,SINE,MIR,intergenic,chr17,34360327,34363233,2906,-,278,CCL1
ENSG00000110324.12,chr11,117976171,117976822,LTR104_Mam_c915705,5,LTR104_Mam_chr11:117976172,LTR,Gypsy,intergenic,chr11,117986393,118001483,15090,+,9572,IL10RA
ENSG00000110324.12,chr11,118001571,118001796,MIRb_c915750,5,MIRb_chr11:118001572,SINE,MIR,intergenic,chr11,117986393,118001483,15090,+,89,IL10RA
ENSG00000110911.17,chr12,50972506,50978654,L1PA5_c1036367,5,L1PA5_chr12:50972507,LINE,L1,intergenic,chr12,50979783,51028242,48459,-,1130,SLC11A2
ENSG00000114127.11,chr3,142290203,142296232,L1PA3_c3284527,5,L1PA3_chr3:142290204,LINE,L1,intergenic,chr3,142306606,142448062,141456,-,10375,XRN1
ENSG00000115267.10,chr2,162266279,162266412,MLT1E1A_c2607278,5,MLT1E1A_chr2:162266280,LTR,ERVL-MaLR,intergenic,chr2,162267073,162318684,51611,-,662,IFIH1
ENSG00000115415.21,chr2,191014545,191015588,L2b_c2655951,5,L2b_chr2:191014546,LINE,L2,intergenic,chr2,190908459,191014231,105772,-,315,STAT1
ENSG00000115919.15,chr2,142866784,142867075,AluJb_c2575338,5,AluJb_chr2:142866785,SINE,Alu,intergenic,chr2,142877656,143055833,178177,+,10582,KYNU
ENSG00000115919.15,chr2,142868234,142869077,LTR27E_c2575342,6,LTR27E_chr2:142868235,LTR,ERV1,intergenic,chr2,142877656,143055833,178177,+,8580,KYNU
ENSG00000115919.15,chr2,142871434,142871734,AluJb_c2575347,6,AluJb_chr2:142871435,SINE,Alu,intergenic,chr2,142877656,143055833,178177,+,5923,KYNU
ENSG00000115919.15,chr2,143056307,143057822,THE1D-int_c2575665,6,THE1D-int_chr2:143056308,LTR,ERVL-MaLR,intergenic,chr2,142877656,143055833,178177,+,475,KYNU
ENSG00000115919.15,chr2,143059875,143060844,HAL1_c2575668,5,HAL1_chr2:143059876,LINE,L1,intergenic,chr2,142877656,143055833,178177,+,4043,KYNU
ENSG00000117091.10,chr1,160711997,160712079,Charlie4z_c288063,5,Charlie4z_chr1:160711998,DNA,hAT-Charlie,intergenic,chr1,160678745,160711831,33086,-,167,CD48
ENSG00000117228.11,chr1,89045158,89045538,MLT1F2_c193518,5,MLT1F2_chr1:89045159,LTR,ERVL-MaLR,intergenic,chr1,89052318,89065360,13042,-,6781,GBP1
ENSG00000117228.11,chr1,89045854,89046504,L2_c193520,7,L2_chr1:89045855,LINE,L2,intergenic,chr1,89052318,89065360,13042,-,5815,GBP1
ENSG00000117228.11,chr1,89047310,89047629,AluSz_c193523,5,AluSz_chr1:89047311,SINE,Alu,intergenic,chr1,89052318,89065360,13042,-,4690,GBP1
ENSG00000117228.11,chr1,89048081,89048835,MER101-int_c193524,5,MER101-int_chr1:89048082,LTR,ERV1,intergenic,chr1,89052318,89065360,13042,-,3484,GBP1
ENSG00000117228.11,chr1,89049432,89049754,MER101_c193527,5,MER101_chr1:89049433,LTR,ERV1,intergenic,chr1,89052318,89065360,13042,-,2565,GBP1
ENSG00000117228.11,chr1,89049988,89050423,LTR45B_c193528,5,LTR45B_chr1:89049989,LTR,ERV1,intergenic,chr1,89052318,89065360,13042,-,1896,GBP1
ENSG00000117228.11,chr1,89050425,89051052,L1M2b_c193529,5,L1M2b_chr1:89050426,LINE,L1,intergenic,chr1,89052318,89065360,13042,-,1267,GBP1
ENSG00000117228.11,chr1,89052023,89052222,MER58A_c193531,9,MER58A_chr1:89052024,DNA,hAT-Charlie,intergenic,chr1,89052318,89065360,13042,-,97,GBP1
ENSG00000117523.18,chr1,171484430,171484659,AluJr_c308533,5,AluJr_chr1:171484431,SINE,Alu,intergenic,chr1,171485529,171593511,107982,+,871,PRRC2C
ENSG00000117523.18,chr1,171484717,171484873,Tigger19a_c308534,5,Tigger19a_chr1:171484718,DNA,TcMar-Tigger,intergenic,chr1,171485529,171593511,107982,+,657,PRRC2C
ENSG00000117523.18,chr1,171484922,171485193,L2_c308535,5,L2_chr1:171484923,LINE,L2,intergenic,chr1,171485529,171593511,107982,+,337,PRRC2C
ENSG00000118503.17,chr6,137883932,137884260,L1MC5a_c4274413,6,L1MC5a_chr6:137883933,LINE,L1,intergenic,chr6,137867213,137883314,16101,+,619,TNFAIP3
ENSG00000118503.17,chr6,137884717,137885385,L1PA7_c4274417,6,L1PA7_chr6:137884718,LINE,L1,intergenic,chr6,137867213,137883314,16101,+,1404,TNFAIP3
ENSG00000120129.6,chr5,172767281,172767516,AluSx_c4012220,8,AluSx_chr5:172767282,SINE,Alu,intergenic,chr5,172768095,172771195,3100,-,580,DUSP1
ENSG00000121380.12,chr12,12101390,12102664,L1MEc_c971239,5,L1MEc_chr12:12101391,LINE,L1,intergenic,chr12,12049843,12099695,49852,+,1696,BCL2L14
ENSG00000121594.12,chr3,119563180,119569317,L1PA5_c3240190,5,L1PA5_chr3:119563181,LINE,L1,intergenic,chr3,119524292,119559614,35322,-,3567,CD80
ENSG00000121900.19,chr1,32907420,32908195,L2_c76220,5,L2_chr1:32907421,LINE,L2,intergenic,chr1,32894594,32901389,6795,-,6032,TMEM54
ENSG00000122641.11,chr7,41595191,41599090,L1M4b_c4405693,5,L1M4b_chr7:41595192,LINE,L1,intergenic,chr7,41685113,41705834,20721,-,86024,INHBA
ENSG00000123610.5,chr2,151380466,151380905,LTR54_c2589170,7,LTR54_chr2:151380467,LTR,ERV1,intergenic,chr2,151357591,151380046,22455,+,421,TNFAIP6
ENSG00000123610.5,chr2,151381021,151381191,MER39_c2589171,6,MER39_chr2:151381022,LTR,ERV1,intergenic,chr2,151357591,151380046,22455,+,976,TNFAIP6
ENSG00000123610.5,chr2,151381191,151381502,AluJr_c2589172,5,AluJr_chr2:151381192,SINE,Alu,intergenic,chr2,151357591,151380046,22455,+,1146,TNFAIP6
ENSG00000123610.5,chr2,151381502,151381962,MER39_c2589173,5,MER39_chr2:151381503,LTR,ERV1,intergenic,chr2,151357591,151380046,22455,+,1457,TNFAIP6
ENSG00000124875.10,chr4,73834191,73836326,L1PA3_c3518416,9,L1PA3_chr4:73834192,LINE,L1,intergenic,chr4,73836639,73838760,2121,+,314,CXCL6
ENSG00000125657.5,chr19,6538376,6538687,AluY_c2198502,6,AluY_chr19:6538377,SINE,Alu,intergenic,chr19,6531025,6535924,4899,+,2453,TNFSF9
ENSG00000125726.11,chr19,6582809,6583003,THE1-int_c2198645,5,THE1-int_chr19:6582810,LTR,ERVL-MaLR,intergenic,chr19,6583182,6591150,7968,-,180,CD70
ENSG00000126353.3,chr17,40551087,40551277,MIR_c1959258,5,MIR_chr17:40551088,SINE,MIR,intergenic,chr17,40553768,40565472,11704,-,2492,CCR7
ENSG00000126353.3,chr17,40551316,40551461,MIR_c1959259,6,MIR_chr17:40551317,SINE,MIR,intergenic,chr17,40553768,40565472,11704,-,2308,CCR7
ENSG00000126353.3,chr17,40551498,40551630,MIR3_c1959260,6,MIR3_chr17:40551499,SINE,MIR,intergenic,chr17,40553768,40565472,11704,-,2139,CCR7
ENSG00000126353.3,chr17,40552782,40553192,MLT1A1_c1959261,6,MLT1A1_chr17:40552783,LTR,ERVL-MaLR,intergenic,chr17,40553768,40565472,11704,-,577,CCR7
ENSG00000127311.10,chr12,66339774,66340482,L1MB7_c1065581,7,L1MB7_chr12:66339775,LINE,L1,intergenic,chr12,66302492,66338199,35707,+,1576,HELB
ENSG00000127311.10,chr12,66340557,66341002,MLT2A1_c1065583,5,MLT2A1_chr12:66340558,LTR,ERVL,intergenic,chr12,66302492,66338199,35707,+,2359,HELB
ENSG00000127311.10,chr12,66341002,66341525,MLT2B3_c1065584,5,MLT2B3_chr12:66341003,LTR,ERVL,intergenic,chr12,66302492,66338199,35707,+,2804,HELB
ENSG00000127311.10,chr12,66341973,66342367,L1MB7_c1065587,5,L1MB7_chr12:66341974,LINE,L1,intergenic,chr12,66302492,66338199,35707,+,3775,HELB
ENSG00000128016.7,chr19,39405954,39406069,AluJo_c2269416,5,AluJo_chr19:39405955,SINE,Alu,intergenic,chr19,39406846,39409412,2566,+,778,ZFP36
ENSG00000128016.7,chr19,39406230,39406270,Alu_c2269418,5,Alu_chr19:39406231,SINE,Alu,intergenic,chr19,39406846,39409412,2566,+,577,ZFP36
ENSG00000130066.17,chrX,23786444,23786739,AluSz6_c5352887,5,AluSz6_chrX:23786445,SINE,Alu,intergenic,chrX,23783172,23786210,3038,+,235,SAT1
ENSG00000130340.17,chr6,157794047,157794412,THE1B_c4310457,7,THE1B_chr6:157794048,LTR,ERVL-MaLR,intergenic,chr6,157823160,157945077,121917,+,28749,SNX9
ENSG00000130340.17,chr6,157795133,157795420,AluSz_c4310461,5,AluSz_chr6:157795134,SINE,Alu,intergenic,chr6,157823160,157945077,121917,+,27741,SNX9
ENSG00000130340.17,chr6,157795420,157795756,L1MC5a_c4310462,6,L1MC5a_chr6:157795421,LINE,L1,intergenic,chr6,157823160,157945077,121917,+,27405,SNX9
ENSG00000130340.17,chr6,157796547,157796672,MLT1J2_c4310463,7,MLT1J2_chr6:157796548,LTR,ERVL-MaLR,intergenic,chr6,157823160,157945077,121917,+,26489,SNX9
ENSG00000130340.17,chr6,157796716,157796785,L2a_c4310464,7,L2a_chr6:157796717,LINE,L2,intergenic,chr6,157823160,157945077,121917,+,26376,SNX9
ENSG00000130340.17,chr6,157797017,157797162,MIRb_c4310465,8,MIRb_chr6:157797018,SINE,MIR,intergenic,chr6,157823160,157945077,121917,+,25999,SNX9
ENSG00000130340.17,chr6,157797294,157798668,L1MC4_c4310466,11,L1MC4_chr6:157797295,LINE,L1,intergenic,chr6,157823160,157945077,121917,+,24493,SNX9
ENSG00000130340.17,chr6,157798704,157798823,L1MB3_c4310467,5,L1MB3_chr6:157798705,LINE,L1,intergenic,chr6,157823160,157945077,121917,+,24338,SNX9
ENSG00000130340.17,chr6,157798907,157799288,THE1D_c4310468,7,THE1D_chr6:157798908,LTR,ERVL-MaLR,intergenic,chr6,157823160,157945077,121917,+,23873,SNX9
ENSG00000130340.17,chr6,157799389,157799539,MER20B_c4310469,5,MER20B_chr6:157799390,DNA,hAT-Charlie,intergenic,chr6,157823160,157945077,121917,+,23622,SNX9
ENSG00000130340.17,chr6,157799539,157799894,THE1A_c4310470,5,THE1A_chr6:157799540,LTR,ERVL-MaLR,intergenic,chr6,157823160,157945077,121917,+,23267,SNX9
ENSG00000130340.17,chr6,157799894,157800232,MER20B_c4310471,7,MER20B_chr6:157799895,DNA,hAT-Charlie,intergenic,chr6,157823160,157945077,121917,+,22929,SNX9
ENSG00000130340.17,chr6,157800357,157800670,AluJr_c4310472,5,AluJr_chr6:157800358,SINE,Alu,intergenic,chr6,157823160,157945077,121917,+,22491,SNX9
ENSG00000130340.17,chr6,157806892,157807171,L2d2_c4310486,5,L2d2_chr6:157806893,LINE,L2,intergenic,chr6,157823160,157945077,121917,+,15990,SNX9
ENSG00000130340.17,chr6,157807467,157808483,L1ME1_c4310487,5,L1ME1_chr6:157807468,LINE,L1,intergenic,chr6,157823160,157945077,121917,+,14678,SNX9
ENSG00000130340.17,chr6,157809119,157810465,L1ME1_c4310490,7,L1ME1_chr6:157809120,LINE,L1,intergenic,chr6,157823160,157945077,121917,+,12696,SNX9
ENSG00000131979.20,chr14,54830511,54831472,L1PA16_c1434889,5,L1PA16_chr14:54830512,LINE,L1,intergenic,chr14,54842007,54902826,60819,-,10536,GCH1
ENSG00000134321.13,chr2,6898585,6898717,MamGypLTR2b_c2329675,8,MamGypLTR2b_chr2:6898586,LTR,Gypsy,intergenic,chr2,6865556,6898239,32683,+,347,RSAD2
ENSG00000134321.13,chr2,6898825,6904509,L1PA7_c2329676,9,L1PA7_chr2:6898826,LINE,L1,intergenic,chr2,6865556,6898239,32683,+,587,RSAD2
ENSG00000134453.16,chr10,6130500,6130812,AluSx_c462883,7,AluSx_chr10:6130501,SINE,Alu,intergenic,chr10,6089033,6117457,28424,+,13044,RBM17
ENSG00000134470.21,chr10,5978514,5978609,L1PA13_c462533,7,L1PA13_chr10:5978515,LINE,L1,intergenic,chr10,5943638,5978187,34549,-,328,IL15RA
ENSG00000134470.21,chr10,5978614,5978924,AluSx1_c462534,8,AluSx1_chr10:5978615,SINE,Alu,intergenic,chr10,5943638,5978187,34549,-,428,IL15RA
ENSG00000134470.21,chr10,5979269,5979507,L1ME4c_c462535,6,L1ME4c_chr10:5979270,LINE,L1,intergenic,chr10,5943638,5978187,34549,-,1083,IL15RA
ENSG00000135048.14,chr9,71674534,71676178,MLT1A0-int_c5005777,6,MLT1A0-int_chr9:71674535,LTR,ERVL-MaLR,intergenic,chr9,71683365,71768513,85148,-,7188,CEMIP2
ENSG00000135842.17,chr1,184785090,184785477,L3_c333773,5,L3_chr1:184785091,LINE,CR1,intergenic,chr1,184791031,184974508,183477,-,5555,NIBAN1
ENSG00000136052.10,chr12,104795534,104796257,FordPrefect_c1138129,5,FordPrefect_chr12:104795535,DNA,hAT-Tip100,intergenic,chr12,104801800,104958290,156490,-,5544,SLC41A2
ENSG00000136052.10,chr12,104796981,104797417,L2_c1138134,5,L2_chr12:104796982,LINE,L2,intergenic,chr12,104801800,104958290,156490,-,4384,SLC41A2
ENSG00000136052.10,chr12,104797420,104797930,MER65-int_c1138135,5,MER65-int_chr12:104797421,LTR,ERV1,intergenic,chr12,104801800,104958290,156490,-,3871,SLC41A2
ENSG00000136052.10,chr12,104798056,104800984,MER65-int_c1138136,5,MER65-int_chr12:104798057,LTR,ERV1,intergenic,chr12,104801800,104958290,156490,-,817,SLC41A2
ENSG00000136147.18,chr13,49495517,49495796,AluSg_c1265066,5,AluSg_chr13:49495518,SINE,Alu,intergenic,chr13,49495952,49528981,33029,+,157,PHF11
ENSG00000136634.7,chr1,206765848,206766307,MER4A1_c373344,5,MER4A1_chr1:206765849,LTR,ERV1,intergenic,chr1,206767601,206774541,6940,-,1295,IL10
ENSG00000136689.20,chr2,113102527,113102959,LTR7_c2522078,5,LTR7_chr2:113102528,LTR,ERV1,intergenic,chr2,113117892,113134016,16124,+,14934,IL1RN
ENSG00000136689.20,chr2,113103240,113103708,MLT1D_c2522080,7,MLT1D_chr2:113103241,LTR,ERVL-MaLR,intergenic,chr2,113117892,113134016,16124,+,14185,IL1RN
ENSG00000136689.20,chr2,113104702,113104915,MIRb_c2522081,5,MIRb_chr2:113104703,SINE,MIR,intergenic,chr2,113117892,113134016,16124,+,12978,IL1RN
ENSG00000136689.20,chr2,113104913,113105239,L2c_c2522082,6,L2c_chr2:113104914,LINE,L2,intergenic,chr2,113117892,113134016,16124,+,12654,IL1RN
ENSG00000136689.20,chr2,113105774,113106193,L1ME4c_c2522084,5,L1ME4c_chr2:113105775,LINE,L1,intergenic,chr2,113117892,113134016,16124,+,11700,IL1RN
ENSG00000136689.20,chr2,113106410,113106475,Charlie4z_c2522085,5,Charlie4z_chr2:113106411,DNA,hAT-Charlie,intergenic,chr2,113117892,113134016,16124,+,11418,IL1RN
ENSG00000136689.20,chr2,113106745,113107441,L1MEd_c2522086,6,L1MEd_chr2:113106746,LINE,L1,intergenic,chr2,113117892,113134016,16124,+,10452,IL1RN
ENSG00000136689.20,chr2,113111086,113111348,MIRc_c2522101,8,MIRc_chr2:113111087,SINE,MIR,intergenic,chr2,113117892,113134016,16124,+,6545,IL1RN
ENSG00000136689.20,chr2,113113130,113113769,L1MA10_c2522107,9,L1MA10_chr2:113113131,LINE,L1,intergenic,chr2,113117892,113134016,16124,+,4124,IL1RN
ENSG00000136689.20,chr2,113114175,113114517,MLT1O_c2522108,6,MLT1O_chr2:113114176,LTR,ERVL-MaLR,intergenic,chr2,113117892,113134016,16124,+,3376,IL1RN
ENSG00000136689.20,chr2,113114720,113115039,L2b_c2522110,6,L2b_chr2:113114721,LINE,L2,intergenic,chr2,113117892,113134016,16124,+,2854,IL1RN
ENSG00000136689.20,chr2,113115337,113115430,MamGypLTR3a_c2522111,5,MamGypLTR3a_chr2:113115338,LTR,Gypsy,intergenic,chr2,113117892,113134016,16124,+,2463,IL1RN
ENSG00000136689.20,chr2,113116814,113117038,MIRc_c2522113,5,MIRc_chr2:113116815,SINE,MIR,intergenic,chr2,113117892,113134016,16124,+,855,IL1RN
ENSG00000136689.20,chr2,113117253,113117626,L2a_c2522114,6,L2a_chr2:113117254,LINE,L2,intergenic,chr2,113117892,113134016,16124,+,267,IL1RN
ENSG00000136689.20,chr2,113134203,113134614,L1ME3B_c2522154,7,L1ME3B_chr2:113134204,LINE,L1,intergenic,chr2,113117892,113134016,16124,+,188,IL1RN
ENSG00000136810.13,chr9,110229429,110235911,L1PA4_c5080434,5,L1PA4_chr9:110229430,LINE,L1,intergenic,chr9,110243809,110256507,12698,-,7899,TXN
ENSG00000136810.13,chr9,110242635,110243169,L2b_c5080457,5,L2b_chr9:110242636,LINE,L2,intergenic,chr9,110243809,110256507,12698,-,641,TXN
ENSG00000137628.18,chr4,168323150,168325186,LTR53-int_c3677690,5,LTR53-int_chr4:168323151,LTR,ERVL,intergenic,chr4,168216293,168318807,102514,-,4344,DDX60
ENSG00000137628.18,chr4,168330166,168331809,L1PA8_c3677699,5,L1PA8_chr4:168330167,LINE,L1,intergenic,chr4,168216293,168318807,102514,-,11360,DDX60
ENSG00000137757.11,chr11,104992213,104992623,MLT1H_c890700,6,MLT1H_chr11:104992214,LTR,ERVL-MaLR,intergenic,chr11,104994239,105023168,28929,-,1617,CASP5
ENSG00000137757.11,chr11,104992822,104993085,HAL1ME_c890701,6,HAL1ME_chr11:104992823,LINE,L1,intergenic,chr11,104994239,105023168,28929,-,1155,CASP5
ENSG00000137757.11,chr11,104993295,104994033,L1MB3_c890702,6,L1MB3_chr11:104993296,LINE,L1,intergenic,chr11,104994239,105023168,28929,-,207,CASP5
ENSG00000137959.17,chr1,78646294,78646353,MamGyp-int_c175591,6,MamGyp-int_chr1:78646295,LTR,Gypsy,intergenic,chr1,78619901,78646145,26244,+,150,IFI44L
ENSG00000137959.17,chr1,78646413,78646789,THE1C_c175592,8,THE1C_chr1:78646414,LTR,ERVL-MaLR,intergenic,chr1,78619901,78646145,26244,+,269,IFI44L
ENSG00000137959.17,chr1,78646789,78648317,THE1C-int_c175593,8,THE1C-int_chr1:78646790,LTR,ERVL-MaLR,intergenic,chr1,78619901,78646145,26244,+,645,IFI44L
ENSG00000137965.11,chr1,78648317,78648605,THE1C_c175594,8,THE1C_chr1:78648318,LTR,ERVL-MaLR,intergenic,chr1,78649830,78664073,14243,+,1226,IFI44
ENSG00000137965.11,chr1,78648618,78648863,L2a_c175595,7,L2a_chr1:78648619,LINE,L2,intergenic,chr1,78649830,78664073,14243,+,968,IFI44
ENSG00000137965.11,chr1,78648870,78648993,MIR_c175596,7,MIR_chr1:78648871,SINE,MIR,intergenic,chr1,78649830,78664073,14243,+,838,IFI44
ENSG00000137965.11,chr1,78649310,78649545,L2_c175597,7,L2_chr1:78649311,LINE,L2,intergenic,chr1,78649830,78664073,14243,+,286,IFI44
ENSG00000137965.11,chr1,78664335,78664531,MLT1K_c175621,5,MLT1K_chr1:78664336,LTR,ERVL-MaLR,intergenic,chr1,78649830,78664073,14243,+,263,IFI44
ENSG00000138166.6,chr10,110497262,110497403,L1MC5_c657742,5,L1MC5_chr10:110497263,LINE,L1,intergenic,chr10,110497906,110511533,13627,+,504,DUSP5
ENSG00000138166.6,chr10,110511803,110511887,MIR3_c657756,5,MIR3_chr10:110511804,SINE,MIR,intergenic,chr10,110497906,110511533,13627,+,271,DUSP5
ENSG00000138166.6,chr10,110512603,110512716,MIRc_c657757,5,MIRc_chr10:110512604,SINE,MIR,intergenic,chr10,110497906,110511533,13627,+,1071,DUSP5
ENSG00000138166.6,chr10,110513408,110513660,L4_A_Mam_c657758,5,L4_A_Mam_chr10:110513409,LINE,RTE-X,intergenic,chr10,110497906,110511533,13627,+,1876,DUSP5
ENSG00000138166.6,chr10,110515038,110515455,L2b_c657761,5,L2b_chr10:110515039,LINE,L2,intergenic,chr10,110497906,110511533,13627,+,3506,DUSP5
ENSG00000138166.6,chr10,110515656,110515730,MLT1M_c657762,5,MLT1M_chr10:110515657,LTR,ERVL-MaLR,intergenic,chr10,110497906,110511533,13627,+,4124,DUSP5
ENSG00000138166.6,chr10,110515824,110515932,AluJb_c657763,5,AluJb_chr10:110515825,SINE,Alu,intergenic,chr10,110497906,110511533,13627,+,4292,DUSP5
ENSG00000138166.6,chr10,110516316,110516620,AluSz_c657765,5,AluSz_chr10:110516317,SINE,Alu,intergenic,chr10,110497906,110511533,13627,+,4784,DUSP5
ENSG00000138166.6,chr10,110516909,110516948,MIRc_c657766,5,MIRc_chr10:110516910,SINE,MIR,intergenic,chr10,110497906,110511533,13627,+,5377,DUSP5
ENSG00000138166.6,chr10,110517194,110517408,MIRb_c657767,5,MIRb_chr10:110517195,SINE,MIR,intergenic,chr10,110497906,110511533,13627,+,5662,DUSP5
ENSG00000138166.6,chr10,110517852,110518114,AluJr_c657769,5,AluJr_chr10:110517853,SINE,Alu,intergenic,chr10,110497906,110511533,13627,+,6320,DUSP5
ENSG00000138166.6,chr10,110519714,110520049,L1M5_c657775,5,L1M5_chr10:110519715,LINE,L1,intergenic,chr10,110497906,110511533,13627,+,8182,DUSP5
ENSG00000138166.6,chr10,110520354,110521030,L1M5_c657777,5,L1M5_chr10:110520355,LINE,L1,intergenic,chr10,110497906,110511533,13627,+,8822,DUSP5
ENSG00000138166.6,chr10,110522193,110522428,MIR_c657782,5,MIR_chr10:110522194,SINE,MIR,intergenic,chr10,110497906,110511533,13627,+,10661,DUSP5
ENSG00000138166.6,chr10,110522584,110522786,MIR3_c657783,5,MIR3_chr10:110522585,SINE,MIR,intergenic,chr10,110497906,110511533,13627,+,11052,DUSP5
ENSG00000138166.6,chr10,110523719,110523759,MIRc_c657786,5,MIRc_chr10:110523720,SINE,MIR,intergenic,chr10,110497906,110511533,13627,+,12187,DUSP5
ENSG00000138166.6,chr10,110524075,110524418,L2a_c657787,5,L2a_chr10:110524076,LINE,L2,intergenic,chr10,110497906,110511533,13627,+,12543,DUSP5
ENSG00000138166.6,chr10,110526433,110526744,AluY_c657792,5,AluY_chr10:110526434,SINE,Alu,intergenic,chr10,110497906,110511533,13627,+,14901,DUSP5
ENSG00000138166.6,chr10,110527619,110527841,L2b_c657797,5,L2b_chr10:110527620,LINE,L2,intergenic,chr10,110497906,110511533,13627,+,16087,DUSP5
ENSG00000138642.16,chr4,88378538,88378735,MIR_c3544933,5,MIR_chr4:88378539,SINE,MIR,intergenic,chr4,88378738,88443097,64359,+,4,HERC6
ENSG00000138642.16,chr4,88444277,88446112,HERV4_I-int_c3545094,6,HERV4_I-int_chr4:88444278,LTR,ERV1,intergenic,chr4,88378738,88443097,64359,+,1181,HERC6
ENSG00000138821.14,chr4,102240613,102244869,HERV9NC-int_c3567589,5,HERV9NC-int_chr4:102240614,LTR,ERV1,intergenic,chr4,102261665,102345801,84136,-,16797,SLC39A8
ENSG00000138821.14,chr4,102249379,102250851,LTR12C_c3567597,7,LTR12C_chr4:102249380,LTR,ERV1,intergenic,chr4,102261665,102345801,84136,-,10815,SLC39A8
ENSG00000138821.14,chr4,102251474,102251990,MER34_c3567599,6,MER34_chr4:102251475,LTR,ERV1,intergenic,chr4,102261665,102345801,84136,-,9676,SLC39A8
ENSG00000138821.14,chr4,102253205,102253364,MLT1L_c3567602,6,MLT1L_chr4:102253206,LTR,ERVL-MaLR,intergenic,chr4,102261665,102345801,84136,-,8302,SLC39A8
ENSG00000138821.14,chr4,102260257,102260612,MLT1J_c3567616,5,MLT1J_chr4:102260258,LTR,ERVL-MaLR,intergenic,chr4,102261665,102345801,84136,-,1054,SLC39A8
ENSG00000140093.10,chr14,94297669,94299226,THE1A-int_c1513333,5,THE1A-int_chr14:94297670,LTR,ERVL-MaLR,intergenic,chr14,94280459,94293268,12809,-,4402,SERPINA10
ENSG00000140519.14,chr15,89462974,89469391,HERV4_I-int_c1675516,5,HERV4_I-int_chr15:89462975,LTR,ERV1,intergenic,chr15,89471406,89496583,25177,-,2016,RHCG
ENSG00000140853.17,chr16,56987934,56988093,MIRc_c1806451,5,MIRc_chr16:56987935,SINE,MIR,intergenic,chr16,56989497,57083524,94027,+,1405,NLRC5
ENSG00000140853.17,chr16,56988353,56988549,MIR_c1806452,6,MIR_chr16:56988354,SINE,MIR,intergenic,chr16,56989497,57083524,94027,+,949,NLRC5
ENSG00000140853.17,chr16,56988930,56989056,MIRb_c1806453,5,MIRb_chr16:56988931,SINE,MIR,intergenic,chr16,56989497,57083524,94027,+,442,NLRC5
ENSG00000142949.17,chr1,43501255,43502976,SVA_D_c101472,5,SVA_D_chr1:43501256,Retroposon,SVA,intergenic,chr1,43530875,43623666,92791,+,27900,PTPRF
ENSG00000143199.18,chr1,167804061,167804938,L1MC1_c301789,5,L1MC1_chr1:167804062,LINE,L1,intergenic,chr1,167809385,167914215,104830,-,4448,ADCY10
ENSG00000143199.18,chr1,167805645,167807059,SVA_A_c301790,5,SVA_A_chr1:167805646,Retroposon,SVA,intergenic,chr1,167809385,167914215,104830,-,2327,ADCY10
ENSG00000143507.18,chr1,221744030,221744539,MER4E_c400866,5,MER4E_chr1:221744031,LTR,ERV1,intergenic,chr1,221701423,221742089,40666,-,1942,DUSP10
ENSG00000144655.15,chr3,39140907,39141113,MIR_c3101914,6,MIR_chr3:39140908,SINE,MIR,intergenic,chr3,39141854,39154562,12708,-,742,CSRNP1
ENSG00000145287.11,chr4,83180501,83181010,LTR21A_c3535136,5,LTR21A_chr4:83180502,LTR,ERV1,intergenic,chr4,83090047,83137075,47028,-,43427,PLAC8
ENSG00000145287.11,chr4,83181444,83183380,SVA_D_c3535137,5,SVA_D_chr4:83181445,Retroposon,SVA,intergenic,chr4,83090047,83137075,47028,-,44370,PLAC8
ENSG00000145428.15,chr4,153708530,153709135,MER61F_c3653421,5,MER61F_chr4:153708531,LTR,ERV1,intergenic,chr4,153710159,153760024,49865,-,1025,RNF175
ENSG00000145632.15,chr5,58378196,58378499,AluYk11_c3804485,8,AluYk11_chr5:58378197,SINE,Alu,intergenic,chr5,58453981,58460139,6158,-,75483,PLK2
ENSG00000145901.16,chr5,151029563,151029784,MIRc_c3967728,9,MIRc_chr5:151029564,SINE,MIR,intergenic,chr5,151029944,151087660,57716,-,161,TNIP1
ENSG00000146278.11,chr6,89086242,89086528,AluSx1_c4190862,5,AluSx1_chr6:89086243,SINE,Alu,intergenic,chr6,89080750,89085160,4410,+,1083,PNRC1
ENSG00000146278.11,chr6,89086584,89087048,L2_c4190863,6,L2_chr6:89086585,LINE,L2,intergenic,chr6,89080750,89085160,4410,+,1425,PNRC1
ENSG00000146278.11,chr6,89087176,89087463,AluSz_c4190864,5,AluSz_chr6:89087177,SINE,Alu,intergenic,chr6,89080750,89085160,4410,+,2017,PNRC1
ENSG00000147650.12,chr8,104590096,104590304,MIRb_c4802332,5,MIRb_chr8:104590097,SINE,MIR,intergenic,chr8,104489230,104589258,100028,-,839,LRP12
ENSG00000147650.12,chr8,104590328,104590768,LTR12F_c4802333,5,LTR12F_chr8:104590329,LTR,ERV1,intergenic,chr8,104489230,104589258,100028,-,1071,LRP12
ENSG00000151014.6,chr4,139046012,139046135,AluJo_c3627347,7,AluJo_chr4:139046013,SINE,Alu,intergenic,chr4,139015780,139045939,30159,+,74,NOCT
ENSG00000151014.6,chr4,139046568,139046874,AluY_c3627348,8,AluY_chr4:139046569,SINE,Alu,intergenic,chr4,139015780,139045939,30159,+,630,NOCT
ENSG00000151014.6,chr4,139047216,139047506,AluSq2_c3627349,8,AluSq2_chr4:139047217,SINE,Alu,intergenic,chr4,139015780,139045939,30159,+,1278,NOCT
ENSG00000151726.16,chr4,184750756,184751968,L2a_c3705207,5,L2a_chr4:184750757,LINE,L2,intergenic,chr4,184755594,184826818,71224,-,3627,ACSL1
ENSG00000151726.16,chr4,184753405,184754330,L1MB3_c3705211,5,L1MB3_chr4:184753406,LINE,L1,intergenic,chr4,184755594,184826818,71224,-,1265,ACSL1
ENSG00000152558.15,chr11,102391210,102392238,L1P4d_c886097,5,L1P4d_chr11:102391211,LINE,L1,intergenic,chr11,102396331,102452839,56508,-,4094,TMEM123
ENSG00000152778.10,chr10,89422563,89422865,AluSz6_c614689,5,AluSz6_chr10:89422564,SINE,Alu,intergenic,chr10,89414567,89421605,7038,+,959,IFIT5
ENSG00000156127.8,chr14,75517355,75517709,MLT1F1_c1476594,5,MLT1F1_chr14:75517356,LTR,ERVL-MaLR,intergenic,chr14,75522468,75546993,24525,+,4760,BATF
ENSG00000156127.8,chr14,75517728,75518031,AluSz_c1476595,5,AluSz_chr14:75517729,SINE,Alu,intergenic,chr14,75522468,75546993,24525,+,4438,BATF
ENSG00000156127.8,chr14,75519179,75519412,L1ME3Cz_c1476599,5,L1ME3Cz_chr14:75519180,LINE,L1,intergenic,chr14,75522468,75546993,24525,+,3057,BATF
ENSG00000156587.16,chr11,57551135,57551461,AluSx1_c795970,5,AluSx1_chr11:57551136,SINE,Alu,intergenic,chr11,57551655,57568284,16629,-,195,UBE2L6
ENSG00000156966.7,chr2,231408345,231408843,LTR2C_c2730405,5,LTR2C_chr2:231408346,LTR,ERV1,intergenic,chr2,231395709,231401164,5455,+,7182,B3GNT7
ENSG00000158050.5,chr2,96141854,96142268,MER1A_c2491560,5,MER1A_chr2:96141855,DNA,hAT-Charlie,intergenic,chr2,96143168,96145440,2272,-,901,DUSP2
ENSG00000158517.16,chr7,74789671,74789966,AluSz_c4464571,7,AluSz_chr7:74789672,SINE,Alu,intergenic,chr7,74774010,74789315,15305,+,357,NCF1
ENSG00000158517.16,chr7,74790318,74790373,Tigger18a_c4464573,5,Tigger18a_chr7:74790319,DNA,TcMar-Tigger,intergenic,chr7,74774010,74789315,15305,+,1004,NCF1
ENSG00000158517.16,chr7,74790559,74790868,AluSz_c4464574,5,AluSz_chr7:74790560,SINE,Alu,intergenic,chr7,74774010,74789315,15305,+,1245,NCF1
ENSG00000159399.10,chr2,74895598,74896294,LTR48B_c2460380,5,LTR48B_chr2:74895599,LTR,ERV1,intergenic,chr2,74834126,74893359,59233,+,2240,HK2
ENSG00000160013.9,chr19,46620111,46620401,AluJb_c2287681,5,AluJb_chr19:46620112,SINE,Alu,intergenic,chr19,46620467,46625089,4622,-,67,PTGIR
ENSG00000162924.16,chr2,60931833,60932000,MLT1B_c2432391,6,MLT1B_chr2:60931834,LTR,ERVL-MaLR,intergenic,chr2,60881490,60931612,50122,+,222,REL
ENSG00000162924.16,chr2,60932311,60934734,L1MA8_c2432393,6,L1MA8_chr2:60932312,LINE,L1,intergenic,chr2,60881490,60931612,50122,+,700,REL
ENSG00000162927.14,chr2,60939930,60939984,L1MC4_c2432402,5,L1MC4_chr2:60939931,LINE,L1,intergenic,chr2,60940222,61018255,78033,-,239,PUS10
ENSG00000163568.16,chr1,159058717,159059052,MER61A_c285177,5,MER61A_chr1:159058718,LTR,ERV1,intergenic,chr1,159061598,159147096,85498,-,2547,AIM2
ENSG00000163568.16,chr1,159060451,159061053,L1ME1_c285183,5,L1ME1_chr1:159060452,LINE,L1,intergenic,chr1,159061598,159147096,85498,-,546,AIM2
ENSG00000164136.17,chr4,141632509,141633065,MLT2A2_c3632396,5,MLT2A2_chr4:141632510,LTR,ERVL,intergenic,chr4,141636582,141733987,97405,+,3518,IL15
ENSG00000164136.17,chr4,141634817,141635153,Charlie17b_c3632398,6,Charlie17b_chr4:141634818,DNA,hAT-Charlie,intergenic,chr4,141636582,141733987,97405,+,1430,IL15
ENSG00000164266.11,chr5,147832344,147832848,LTR40a_c3960500,5,LTR40a_chr5:147832345,LTR,ERVL,intergenic,chr5,147824581,147831671,7090,-,674,SPINK1
ENSG00000164266.11,chr5,147832848,147833350,L2a_c3960501,5,L2a_chr5:147832849,LINE,L2,intergenic,chr5,147824581,147831671,7090,-,1178,SPINK1
ENSG00000164266.11,chr5,147833354,147833924,L2a_c3960502,5,L2a_chr5:147833355,LINE,L2,intergenic,chr5,147824581,147831671,7090,-,1684,SPINK1
ENSG00000164266.11,chr5,147839014,147839391,THE1C_c3960517,6,THE1C_chr5:147839015,LTR,ERVL-MaLR,intergenic,chr5,147824581,147831671,7090,-,7344,SPINK1
ENSG00000165178.9,chr7,75155577,75155632,Tigger18a_c4465720,6,Tigger18a_chr7:75155578,DNA,TcMar-Tigger,intergenic,chr7,75156638,75172044,15406,-,1007,NCF1C
ENSG00000165178.9,chr7,75155815,75155987,AluSz6_c4465721,5,AluSz6_chr7:75155816,SINE,Alu,intergenic,chr7,75156638,75172044,15406,-,652,NCF1C
ENSG00000165178.9,chr7,75155987,75156282,AluSz_c4465722,7,AluSz_chr7:75155988,SINE,Alu,intergenic,chr7,75156638,75172044,15406,-,357,NCF1C
ENSG00000168026.19,chr3,39139838,39140083,MER113A_c3101913,8,MER113A_chr3:39139839,DNA,hAT-Charlie,intergenic,chr3,39107679,39138900,31221,+,939,TTC21A
ENSG00000168389.18,chr1,39971628,39971941,AluSx_c93122,6,AluSx_chr1:39971629,SINE,Alu,intergenic,chr1,39955111,39969968,14857,+,1661,MFSD2A
ENSG00000168685.15,chr5,35856057,35856158,L2a_c3772559,6,L2a_chr5:35856058,LINE,L2,intergenic,chr5,35856890,35879603,22713,+,733,IL7R
ENSG00000168685.15,chr5,35879677,35879765,MER1B_c3772592,6,MER1B_chr5:35879678,DNA,hAT-Charlie,intergenic,chr5,35856890,35879603,22713,+,75,IL7R
ENSG00000168685.15,chr5,35880454,35880751,MLT1E1A_c3772597,6,MLT1E1A_chr5:35880455,LTR,ERVL-MaLR,intergenic,chr5,35856890,35879603,22713,+,852,IL7R
ENSG00000168685.15,chr5,35881064,35881308,MLT1E1A_c3772599,5,MLT1E1A_chr5:35881065,LTR,ERVL-MaLR,intergenic,chr5,35856890,35879603,22713,+,1462,IL7R
ENSG00000168685.15,chr5,35881412,35881874,MLT1C_c3772600,7,MLT1C_chr5:35881413,LTR,ERVL-MaLR,intergenic,chr5,35856890,35879603,22713,+,1810,IL7R
ENSG00000168685.15,chr5,35882578,35882828,L2a_c3772601,5,L2a_chr5:35882579,LINE,L2,intergenic,chr5,35856890,35879603,22713,+,2976,IL7R
ENSG00000168685.15,chr5,35883101,35883217,L2c_c3772602,5,L2c_chr5:35883102,LINE,L2,intergenic,chr5,35856890,35879603,22713,+,3499,IL7R
ENSG00000168685.15,chr5,35883227,35883609,MSTA_c3772603,7,MSTA_chr5:35883228,LTR,ERVL-MaLR,intergenic,chr5,35856890,35879603,22713,+,3625,IL7R
ENSG00000168685.15,chr5,35883634,35884133,MLT1D_c3772604,7,MLT1D_chr5:35883635,LTR,ERVL-MaLR,intergenic,chr5,35856890,35879603,22713,+,4032,IL7R
ENSG00000168685.15,chr5,35884188,35884494,L2c_c3772605,7,L2c_chr5:35884189,LINE,L2,intergenic,chr5,35856890,35879603,22713,+,4586,IL7R
ENSG00000169429.12,chr4,73744111,73744456,L1MEd_c3518289,10,L1MEd_chr4:73744112,LINE,L1,intergenic,chr4,73740540,73743716,3176,+,396,CXCL8
ENSG00000169429.12,chr4,73744606,73746757,L1PA3_c3518290,11,L1PA3_chr4:73744607,LINE,L1,intergenic,chr4,73740540,73743716,3176,+,891,CXCL8
ENSG00000170017.12,chr3,105355047,105355100,L2b_c3216011,5,L2b_chr3:105355048,LINE,L2,intergenic,chr3,105366908,105576900,209992,+,11809,ALCAM
ENSG00000170017.12,chr3,105355428,105356112,L2b_c3216013,5,L2b_chr3:105355429,LINE,L2,intergenic,chr3,105366908,105576900,209992,+,10797,ALCAM
ENSG00000170017.12,chr3,105361250,105361629,L2a_c3216022,6,L2a_chr3:105361251,LINE,L2,intergenic,chr3,105366908,105576900,209992,+,5280,ALCAM
ENSG00000170017.12,chr3,105364271,105364505,MIR_c3216024,6,MIR_chr3:105364272,SINE,MIR,intergenic,chr3,105366908,105576900,209992,+,2404,ALCAM
ENSG00000170017.12,chr3,105364863,105365049,MIRb_c3216027,5,MIRb_chr3:105364864,SINE,MIR,intergenic,chr3,105366908,105576900,209992,+,1860,ALCAM
ENSG00000170542.6,chr6,2886023,2886446,MSTB1_c4036562,5,MSTB1_chr6:2886024,LTR,ERVL-MaLR,intergenic,chr6,2887269,2903309,16040,-,824,SERPINB9
ENSG00000170779.11,chr14,105023111,105023417,THE1B_c1535034,5,THE1B_chr14:105023112,LTR,ERVL-MaLR,intergenic,chr14,105009572,105021083,11511,-,2029,CDCA4
ENSG00000170779.11,chr14,105023728,105024121,L1ME3B_c1535036,5,L1ME3B_chr14:105023729,LINE,L1,intergenic,chr14,105009572,105021083,11511,-,2646,CDCA4
ENSG00000170779.11,chr14,105024478,105024789,AluSx_c1535038,5,AluSx_chr14:105024479,SINE,Alu,intergenic,chr14,105009572,105021083,11511,-,3396,CDCA4
ENSG00000170779.11,chr14,105024875,105025057,MLT1H_c1535039,5,MLT1H_chr14:105024876,LTR,ERVL-MaLR,intergenic,chr14,105009572,105021083,11511,-,3793,CDCA4
ENSG00000170779.11,chr14,105025126,105025198,MLT1H_c1535040,5,MLT1H_chr14:105025127,LTR,ERVL-MaLR,intergenic,chr14,105009572,105021083,11511,-,4044,CDCA4
ENSG00000170779.11,chr14,105025811,105026197,MER47A_c1535043,6,MER47A_chr14:105025812,DNA,TcMar-Tigger,intergenic,chr14,105009572,105021083,11511,-,4729,CDCA4
ENSG00000170779.11,chr14,105026594,105026903,AluSx4_c1535046,5,AluSx4_chr14:105026595,SINE,Alu,intergenic,chr14,105009572,105021083,11511,-,5512,CDCA4
ENSG00000170779.11,chr14,105027191,105027523,MER57C1_c1535049,5,MER57C1_chr14:105027192,LTR,ERV1,intergenic,chr14,105009572,105021083,11511,-,6109,CDCA4
ENSG00000170779.11,chr14,105028388,105028693,MER65B_c1535054,5,MER65B_chr14:105028389,LTR,ERV1,intergenic,chr14,105009572,105021083,11511,-,7306,CDCA4
ENSG00000170779.11,chr14,105029067,105029376,AluSx3_c1535057,5,AluSx3_chr14:105029068,SINE,Alu,intergenic,chr14,105009572,105021083,11511,-,7985,CDCA4
ENSG00000170779.11,chr14,105029380,105029589,L1ME3B_c1535058,5,L1ME3B_chr14:105029381,LINE,L1,intergenic,chr14,105009572,105021083,11511,-,8298,CDCA4
ENSG00000170779.11,chr14,105029744,105030045,AluSc_c1535059,5,AluSc_chr14:105029745,SINE,Alu,intergenic,chr14,105009572,105021083,11511,-,8662,CDCA4
ENSG00000170779.11,chr14,105030092,105030218,L1ME4b_c1535060,5,L1ME4b_chr14:105030093,LINE,L1,intergenic,chr14,105009572,105021083,11511,-,9010,CDCA4
ENSG00000170779.11,chr14,105030776,105031149,THE1C_c1535063,5,THE1C_chr14:105030777,LTR,ERVL-MaLR,intergenic,chr14,105009572,105021083,11511,-,9694,CDCA4
ENSG00000170779.11,chr14,105031149,105031316,AluJb_c1535064,5,AluJb_chr14:105031150,SINE,Alu,intergenic,chr14,105009572,105021083,11511,-,10067,CDCA4
ENSG00000170779.11,chr14,105032452,105033003,MER41A_c1535070,5,MER41A_chr14:105032453,LTR,ERV1,intergenic,chr14,105009572,105021083,11511,-,11370,CDCA4
ENSG00000170779.11,chr14,105033003,105033364,MER4-int_c1535071,5,MER4-int_chr14:105033004,LTR,ERV1,intergenic,chr14,105009572,105021083,11511,-,11921,CDCA4
ENSG00000170779.11,chr14,105033694,105034048,MER4-int_c1535073,6,MER4-int_chr14:105033695,LTR,ERV1,intergenic,chr14,105009572,105021083,11511,-,12612,CDCA4
ENSG00000170779.11,chr14,105034047,105034778,MER4-int_c1535074,6,MER4-int_chr14:105034048,LTR,ERV1,intergenic,chr14,105009572,105021083,11511,-,12965,CDCA4
ENSG00000170779.11,chr14,105034778,105035085,AluSx1_c1535075,5,AluSx1_chr14:105034779,SINE,Alu,intergenic,chr14,105009572,105021083,11511,-,13696,CDCA4
ENSG00000173559.15,chr2,191697792,191698241,Tigger3_c2657231,6,Tigger3_chr2:191697793,DNA,TcMar-Tigger,intergenic,chr2,191678135,191696662,18527,+,1131,NABP1
ENSG00000173559.15,chr2,191698249,191698956,L1MC5a_c2657232,5,L1MC5a_chr2:191698250,LINE,L1,intergenic,chr2,191678135,191696662,18527,+,1588,NABP1
ENSG00000173559.15,chr2,191700102,191700867,L1MC5a_c2657234,7,L1MC5a_chr2:191700103,LINE,L1,intergenic,chr2,191678135,191696662,18527,+,3441,NABP1
ENSG00000173559.15,chr2,191700880,191701295,L1MCa_c2657235,5,L1MCa_chr2:191700881,LINE,L1,intergenic,chr2,191678135,191696662,18527,+,4219,NABP1
ENSG00000173559.15,chr2,191701295,191701672,Tigger1_c2657236,6,Tigger1_chr2:191701296,DNA,TcMar-Tigger,intergenic,chr2,191678135,191696662,18527,+,4634,NABP1
ENSG00000173728.11,chr1,244349982,244350317,HERV16-int_c444828,5,HERV16-int_chr1:244349983,LTR,ERVL,intergenic,chr1,244352634,244389663,37029,+,2318,C1orf100
ENSG00000173728.11,chr1,244350716,244351134,LTR7_c444831,5,LTR7_chr1:244350717,LTR,ERV1,intergenic,chr1,244352634,244389663,37029,+,1501,C1orf100
ENSG00000174837.15,chr19,6941165,6941316,MER5A1_c2199845,5,MER5A1_chr19:6941166,DNA,hAT-Charlie,intergenic,chr19,6887565,6940459,52894,+,707,ADGRE1
ENSG00000174837.15,chr19,6941458,6941636,L2b_c2199846,5,L2b_chr19:6941459,LINE,L2,intergenic,chr19,6887565,6940459,52894,+,1000,ADGRE1
ENSG00000174837.15,chr19,6942174,6942579,MLT1H_c2199849,5,MLT1H_chr19:6942175,LTR,ERVL-MaLR,intergenic,chr19,6887565,6940459,52894,+,1716,ADGRE1
ENSG00000176076.7,chrX,109629298,109629423,CR1_Mam_c5494630,5,CR1_Mam_chrX:109629299,LINE,CR1,intergenic,chrX,109623699,109625172,1473,-,4127,KCNE5
ENSG00000177272.10,chr1,110656476,110656626,MIR3_c232237,6,MIR3_chr1:110656477,SINE,MIR,intergenic,chr1,110672464,110674940,2476,-,15839,KCNA3
ENSG00000177272.10,chr1,110657040,110657346,AluSg_c232238,5,AluSg_chr1:110657041,SINE,Alu,intergenic,chr1,110672464,110674940,2476,-,15119,KCNA3
ENSG00000177409.12,chr7,93121548,93127502,L1PA7_c4497068,5,L1PA7_chr7:93121549,LINE,L1,intergenic,chr7,93130055,93148385,18330,-,2554,SAMD9L
ENSG00000178104.22,chr1,149036870,149041138,L1P1_c264282,5,L1P1_chr1:149036871,LINE,L1,intergenic,chr1,148808139,149033019,224880,+,3852,PDE4DIP
ENSG00000180596.8,chr6,26113495,26113642,MIRc_c4081022,5,MIRc_chr6:26113496,SINE,MIR,intergenic,chr6,26114872,26123926,9054,-,1231,H2BC4
ENSG00000180596.8,chr6,26113642,26114084,MLT1B_c4081023,5,MLT1B_chr6:26113643,LTR,ERVL-MaLR,intergenic,chr6,26114872,26123926,9054,-,789,H2BC4
ENSG00000180596.8,chr6,26114451,26114748,L1ME4c_c4081025,5,L1ME4c_chr6:26114452,LINE,L1,intergenic,chr6,26114872,26123926,9054,-,125,H2BC4
ENSG00000181333.12,chr11,94118737,94123646,HERV9-int_c872172,5,HERV9-int_chr11:94118738,LTR,ERV1,intergenic,chr11,94021353,94114208,92855,+,4530,HEPHL1
ENSG00000181381.15,chr4,168351745,168354157,L1PA14_c3677725,5,L1PA14_chr4:168351746,LINE,L1,intergenic,chr4,168356734,168480514,123780,-,2578,DDX60L
ENSG00000183484.12,chr14,105035200,105035481,LTR57-int_c1535077,5,LTR57-int_chr14:105035201,LTR,ERVL,intergenic,chr14,105049394,105065445,16051,-,13914,GPR132
ENSG00000183484.12,chr14,105037812,105038415,MER4-int_c1535088,5,MER4-int_chr14:105037813,LTR,ERV1,intergenic,chr14,105049394,105065445,16051,-,10980,GPR132
ENSG00000183484.12,chr14,105039557,105039940,MER4-int_c1535094,5,MER4-int_chr14:105039558,LTR,ERV1,intergenic,chr14,105049394,105065445,16051,-,9455,GPR132
ENSG00000183484.12,chr14,105040256,105040490,MER50_c1535096,6,MER50_chr14:105040257,LTR,ERV1,intergenic,chr14,105049394,105065445,16051,-,8905,GPR132
ENSG00000183484.12,chr14,105041305,105041548,MER4E1_c1535100,6,MER4E1_chr14:105041306,LTR,ERV1,intergenic,chr14,105049394,105065445,16051,-,7847,GPR132
ENSG00000183484.12,chr14,105041641,105041881,AluJb_c1535101,6,AluJb_chr14:105041642,SINE,Alu,intergenic,chr14,105049394,105065445,16051,-,7514,GPR132
ENSG00000183484.12,chr14,105042361,105042741,MLT1E2_c1535103,6,MLT1E2_chr14:105042362,LTR,ERVL-MaLR,intergenic,chr14,105049394,105065445,16051,-,6654,GPR132
ENSG00000183484.12,chr14,105043083,105043255,L2a_c1535104,8,L2a_chr14:105043084,LINE,L2,intergenic,chr14,105049394,105065445,16051,-,6140,GPR132
ENSG00000183484.12,chr14,105043320,105043477,MIR_c1535105,7,MIR_chr14:105043321,SINE,MIR,intergenic,chr14,105049394,105065445,16051,-,5918,GPR132
ENSG00000183484.12,chr14,105043503,105043849,LTR40a_c1535106,7,LTR40a_chr14:105043504,LTR,ERVL,intergenic,chr14,105049394,105065445,16051,-,5546,GPR132
ENSG00000183484.12,chr14,105043937,105044212,L1MC4_c1535107,5,L1MC4_chr14:105043938,LINE,L1,intergenic,chr14,105049394,105065445,16051,-,5183,GPR132
ENSG00000183484.12,chr14,105044727,105044994,L1MC4_c1535110,7,L1MC4_chr14:105044728,LINE,L1,intergenic,chr14,105049394,105065445,16051,-,4401,GPR132
ENSG00000183484.12,chr14,105045010,105045311,L1MC4_c1535111,8,L1MC4_chr14:105045011,LINE,L1,intergenic,chr14,105049394,105065445,16051,-,4084,GPR132
ENSG00000183484.12,chr14,105045352,105045583,AluSc5_c1535113,6,AluSc5_chr14:105045353,SINE,Alu,intergenic,chr14,105049394,105065445,16051,-,3812,GPR132
ENSG00000183484.12,chr14,105046035,105046191,MIR_c1535114,6,MIR_chr14:105046036,SINE,MIR,intergenic,chr14,105049394,105065445,16051,-,3204,GPR132
ENSG00000183484.12,chr14,105046286,105046586,AluJr_c1535115,8,AluJr_chr14:105046287,SINE,Alu,intergenic,chr14,105049394,105065445,16051,-,2809,GPR132
ENSG00000183484.12,chr14,105046590,105046859,AluSz_c1535116,7,AluSz_chr14:105046591,SINE,Alu,intergenic,chr14,105049394,105065445,16051,-,2536,GPR132
ENSG00000183484.12,chr14,105046872,105047054,MER115_c1535117,7,MER115_chr14:105046873,DNA,hAT-Tip100,intergenic,chr14,105049394,105065445,16051,-,2341,GPR132
ENSG00000183484.12,chr14,105048140,105048376,AluJb_c1535118,7,AluJb_chr14:105048141,SINE,Alu,intergenic,chr14,105049394,105065445,16051,-,1019,GPR132
ENSG00000183484.12,chr14,105048481,105048775,AluY_c1535119,7,AluY_chr14:105048482,SINE,Alu,intergenic,chr14,105049394,105065445,16051,-,620,GPR132
ENSG00000183484.12,chr14,105048799,105049118,AluSq2_c1535120,6,AluSq2_chr14:105048800,SINE,Alu,intergenic,chr14,105049394,105065445,16051,-,277,GPR132
ENSG00000183484.12,chr14,105049123,105049175,MLT1D_c1535121,7,MLT1D_chr14:105049124,LTR,ERVL-MaLR,intergenic,chr14,105049394,105065445,16051,-,220,GPR132
ENSG00000183486.14,chr21,41361199,41361298,MIR3_c2936716,5,MIR3_chr21:41361200,SINE,MIR,intergenic,chr21,41362006,41409393,47387,+,709,MX2
ENSG00000183486.14,chr21,41409616,41409976,MLT1B_c2936811,7,MLT1B_chr21:41409617,LTR,ERVL-MaLR,intergenic,chr21,41362006,41409393,47387,+,224,MX2
ENSG00000183486.14,chr21,41410156,41410340,MLT1H2_c2936812,5,MLT1H2_chr21:41410157,LTR,ERVL-MaLR,intergenic,chr21,41362006,41409393,47387,+,764,MX2
ENSG00000183486.14,chr21,41410452,41416379,L1PB1_c2936813,6,L1PB1_chr21:41410453,LINE,L1,intergenic,chr21,41362006,41409393,47387,+,1060,MX2
ENSG00000184492.7,chr2,113505473,113505756,L1MC5_c2522844,5,L1MC5_chr2:113505474,LINE,L1,intergenic,chr2,113498664,113501150,2486,+,4324,FOXD4L1
ENSG00000184492.7,chr2,113506484,113506609,L2d2_c2522845,6,L2d2_chr2:113506485,LINE,L2,intergenic,chr2,113498664,113501150,2486,+,5335,FOXD4L1
ENSG00000184557.4,chr17,78355495,78355613,FLAM_C_c2042277,5,FLAM_C_chr17:78355496,SINE,Alu,intergenic,chr17,78356777,78360077,3300,-,1165,SOCS3
ENSG00000184588.18,chr1,66416262,66416986,L1MA7_c153638,5,L1MA7_chr1:66416263,LINE,L1,intergenic,chr1,65792513,66374579,582066,+,41684,PDE4B
ENSG00000184588.18,chr1,66424814,66425774,LTR5_Hs_c153642,5,LTR5_Hs_chr1:66424815,LTR,ERVK,intergenic,chr1,65792513,66374579,582066,+,50236,PDE4B
ENSG00000184588.18,chr1,66439422,66439493,MIR1_Amn_c153666,5,MIR1_Amn_chr1:66439423,SINE,MIR,intergenic,chr1,65792513,66374579,582066,+,64844,PDE4B
ENSG00000185404.17,chr2,230404882,230406889,ERV3-16A3_I-int_c2728308,5,ERV3-16A3_I-int_chr2:230404883,LTR,ERVL,intergenic,chr2,230327183,230403732,76549,+,1151,SP140L
ENSG00000185947.15,chr16,31917427,31917762,MER1B_c1778703,6,MER1B_chr16:31917428,DNA,hAT-Charlie,intergenic,chr16,31873806,31917357,43551,+,71,ZNF267
ENSG00000185947.15,chr16,31918447,31918727,L1ME2_c1778704,5,L1ME2_chr16:31918448,LINE,L1,intergenic,chr16,31873806,31917357,43551,+,1091,ZNF267
ENSG00000185947.15,chr16,31918857,31918998,MER41D_c1778705,6,MER41D_chr16:31918858,LTR,ERV1,intergenic,chr16,31873806,31917357,43551,+,1501,ZNF267
ENSG00000185947.15,chr16,31919000,31919390,MER41C_c1778706,6,MER41C_chr16:31919001,LTR,ERV1,intergenic,chr16,31873806,31917357,43551,+,1644,ZNF267
ENSG00000185947.15,chr16,31919390,31919691,AluSx1_c1778707,5,AluSx1_chr16:31919391,SINE,Alu,intergenic,chr16,31873806,31917357,43551,+,2034,ZNF267
ENSG00000185947.15,chr16,31919904,31920917,LTR49-int_c1778710,6,LTR49-int_chr16:31919905,LTR,ERV1,intergenic,chr16,31873806,31917357,43551,+,2548,ZNF267
ENSG00000185947.15,chr16,31921138,31921429,AluY_c1778713,5,AluY_chr16:31921139,SINE,Alu,intergenic,chr16,31873806,31917357,43551,+,3782,ZNF267
ENSG00000185947.15,chr16,31921429,31922095,MER67C_c1778714,5,MER67C_chr16:31921430,LTR,ERV1,intergenic,chr16,31873806,31917357,43551,+,4073,ZNF267
ENSG00000185947.15,chr16,31922565,31922836,LTR24B_c1778715,5,LTR24B_chr16:31922566,LTR,ERV1,intergenic,chr16,31873806,31917357,43551,+,5209,ZNF267
ENSG00000185947.15,chr16,31927830,31932142,L1PA15_c1778727,5,L1PA15_chr16:31927831,LINE,L1,intergenic,chr16,31873806,31917357,43551,+,10474,ZNF267
ENSG00000186480.13,chr7,155310374,155310600,MER8_c4613015,5,MER8_chr7:155310375,DNA,TcMar-Tigger,intergenic,chr7,155297775,155310235,12460,+,140,INSIG1
ENSG00000186891.14,chr1,1207834,1208126,AluSx_c1859,5,AluSx_chr1:1207835,SINE,Alu,intergenic,chr1,1203507,1206592,3085,-,1243,TNFRSF18
ENSG00000188313.13,chr3,146510937,146511304,MLT1A1_c3291709,6,MLT1A1_chr3:146510938,LTR,ERVL-MaLR,intergenic,chr3,146515179,146544737,29558,-,3876,PLSCR1
ENSG00000188313.13,chr3,146511857,146512152,AluSq2_c3291710,7,AluSq2_chr3:146511858,SINE,Alu,intergenic,chr3,146515179,146544737,29558,-,3028,PLSCR1
ENSG00000188313.13,chr3,146512519,146512678,MIRb_c3291712,5,MIRb_chr3:146512520,SINE,MIR,intergenic,chr3,146515179,146544737,29558,-,2502,PLSCR1
ENSG00000188313.13,chr3,146514252,146515103,LTR1D_c3291715,5,LTR1D_chr3:146514253,LTR,ERV1,intergenic,chr3,146515179,146544737,29558,-,77,PLSCR1
ENSG00000188820.13,chr6,116464859,116465019,L2_c4238097,5,L2_chr6:116464860,LINE,L2,intergenic,chr6,116461369,116463771,2402,+,1089,CALHM6
ENSG00000196396.10,chr20,50585246,50585339,L1MC4a_c2852133,5,L1MC4a_chr20:50585247,LINE,L1,intergenic,chr20,50510320,50585241,74921,+,6,PTPN1
ENSG00000197272.2,chr16,28511941,28512048,MIR3_c1770158,7,MIR3_chr16:28511942,SINE,MIR,intergenic,chr16,28499361,28506834,7473,-,5108,IL27
ENSG00000197272.2,chr16,28512431,28512743,AluSx_c1770159,5,AluSx_chr16:28512432,SINE,Alu,intergenic,chr16,28499361,28506834,7473,-,5598,IL27
ENSG00000197272.2,chr16,28513045,28513218,MIRc_c1770160,5,MIRc_chr16:28513046,SINE,MIR,intergenic,chr16,28499361,28506834,7473,-,6212,IL27
ENSG00000197272.2,chr16,28513592,28513712,MIRb_c1770162,5,MIRb_chr16:28513593,SINE,MIR,intergenic,chr16,28499361,28506834,7473,-,6759,IL27
ENSG00000197272.2,chr16,28514772,28515069,AluSz_c1770166,5,AluSz_chr16:28514773,SINE,Alu,intergenic,chr16,28499361,28506834,7473,-,7939,IL27
ENSG00000197272.2,chr16,28515792,28516102,AluSz6_c1770170,5,AluSz6_chr16:28515793,SINE,Alu,intergenic,chr16,28499361,28506834,7473,-,8959,IL27
ENSG00000197272.2,chr16,28516125,28516433,AluSz_c1770171,5,AluSz_chr16:28516126,SINE,Alu,intergenic,chr16,28499361,28506834,7473,-,9292,IL27
ENSG00000198431.18,chr12,104383625,104384074,MLT1D_c1137143,5,MLT1D_chr12:104383626,LTR,ERVL-MaLR,intergenic,chr12,104215778,104350307,134529,+,33319,TXNRD1
ENSG00000202515.1,chr5,140726263,140726386,L1MC3_c3946349,5,L1MC3_chr5:140726264,LINE,L1,intergenic,chr5,140726157,140726246,89,+,18,VTRNA1-3
ENSG00000203364.2,chr9,93148673,93149198,MLT1F_c5045978,9,MLT1F_chr9:93148674,LTR,ERVL-MaLR,intergenic,chr9,93147039,93148556,1517,+,118,ENSG00000203364
ENSG00000205300.3,chr20,4077573,4079194,L1MC4_c2759210,5,L1MC4_chr20:4077574,LINE,L1,intergenic,chr20,4070151,4075165,5014,-,2409,ENSG00000205300
ENSG00000205300.3,chr20,4081392,4082128,L1MC4_c2759220,5,L1MC4_chr20:4081393,LINE,L1,intergenic,chr20,4070151,4075165,5014,-,6228,ENSG00000205300
ENSG00000205300.3,chr20,4082430,4083830,L1MC4_c2759222,6,L1MC4_chr20:4082431,LINE,L1,intergenic,chr20,4070151,4075165,5014,-,7266,ENSG00000205300
ENSG00000205300.3,chr20,4086807,4087174,MSTD_c2759226,5,MSTD_chr20:4086808,LTR,ERVL-MaLR,intergenic,chr20,4070151,4075165,5014,-,11643,ENSG00000205300
ENSG00000205300.3,chr20,4088034,4088521,MER44B_c2759230,5,MER44B_chr20:4088035,DNA,TcMar-Tigger,intergenic,chr20,4070151,4075165,5014,-,12870,ENSG00000205300
ENSG00000205413.8,chr7,93119392,93120567,L1PBa1_c4497065,6,L1PBa1_chr7:93119393,LINE,L1,intergenic,chr7,93099512,93118023,18511,-,1370,SAMD9
ENSG00000211688.1,chr7,38256650,38256926,AluSx_c4399444,5,AluSx_chr7:38256651,SINE,Alu,intergenic,chr7,38256336,38256396,60,-,255,TRGJP2
ENSG00000214872.9,chr11,57550408,57550594,MIRb_c795968,6,MIRb_chr11:57550409,SINE,MIR,intergenic,chr11,57537594,57550272,12678,+,137,SMTNL1
ENSG00000215533.8,chr21,29288415,29288715,MamTip2_c2913536,6,MamTip2_chr21:29288416,DNA,hAT-Tip100,intergenic,chr21,29193479,29288205,94726,+,211,LINC00189
ENSG00000217825.2,chr7,155195469,155196528,L1MEf_c4612835,6,L1MEf_chr7:155195470,LINE,L1,intergenic,chr7,155196562,155198455,1893,-,35,ENSG00000217825
ENSG00000222009.9,chr1,44816033,44816327,AluSz6_c104421,5,AluSz6_chr1:44816034,SINE,Alu,intergenic,chr1,44808522,44815585,7063,+,449,BTBD19
ENSG00000226004.2,chr6,137940971,137941376,MLT1J_c4274515,6,MLT1J_chr6:137940972,LTR,ERVL-MaLR,intergenic,chr6,137943078,137957657,14579,-,1703,LINC02528
ENSG00000226004.2,chr6,137941819,137942086,MIRb_c4274516,5,MIRb_chr6:137941820,SINE,MIR,intergenic,chr6,137943078,137957657,14579,-,993,LINC02528
ENSG00000226004.2,chr6,137942582,137942668,LFSINE_Vert_c4274517,5,LFSINE_Vert_chr6:137942583,SINE,tRNA,intergenic,chr6,137943078,137957657,14579,-,411,LINC02528
ENSG00000226004.2,chr6,137942680,137943042,MLT1C_c4274518,5,MLT1C_chr6:137942681,LTR,ERVL-MaLR,intergenic,chr6,137943078,137957657,14579,-,37,LINC02528
ENSG00000227917.3,chr9,110713,110838,L2d2_c4912571,5,L2d2_chr9:110714,LINE,L2,intergenic,chr9,100992,110138,9146,-,576,ENSG00000227917
ENSG00000229781.1,chr2,142828238,142831095,L1PA10_c2575266,6,L1PA10_chr2:142828239,LINE,L1,intergenic,chr2,142854094,142855998,1904,+,23000,RRN3P4
ENSG00000229781.1,chr2,142852892,142853180,AluJr_c2575313,6,AluJr_chr2:142852893,SINE,Alu,intergenic,chr2,142854094,142855998,1904,+,915,RRN3P4
ENSG00000229781.1,chr2,142865355,142865823,MLT1A1_c2575336,7,MLT1A1_chr2:142865356,LTR,ERVL-MaLR,intergenic,chr2,142854094,142855998,1904,+,9358,RRN3P4
ENSG00000230943.4,chr6,113613294,113614088,LTR8B_c4233349,7,LTR8B_chr6:113613295,LTR,ERV1,intergenic,chr6,113616926,113650090,33164,-,2839,LINC02541
ENSG00000230943.4,chr6,113653256,113653423,THE1D_c4233421,6,THE1D_chr6:113653257,LTR,ERVL-MaLR,intergenic,chr6,113616926,113650090,33164,-,3167,LINC02541
ENSG00000230943.4,chr6,113660934,113661123,AluSq2_c4233437,5,AluSq2_chr6:113660935,SINE,Alu,intergenic,chr6,113616926,113650090,33164,-,10845,LINC02541
ENSG00000230943.4,chr6,113676856,113677372,MLT1F2_c4233470,9,MLT1F2_chr6:113676857,LTR,ERVL-MaLR,intergenic,chr6,113616926,113650090,33164,-,26767,LINC02541
ENSG00000230943.4,chr6,113680548,113682162,L1MA9_c4233483,9,L1MA9_chr6:113680549,LINE,L1,intergenic,chr6,113616926,113650090,33164,-,30459,LINC02541
ENSG00000230943.4,chr6,113684211,113684731,MLT1K_c4233488,5,MLT1K_chr6:113684212,LTR,ERVL-MaLR,intergenic,chr6,113616926,113650090,33164,-,34122,LINC02541
ENSG00000231574.7,chr3,177908607,177914071,L1P2_c3345843,5,L1P2_chr3:177908608,LINE,L1,intergenic,chr3,177816864,177899224,82360,+,9384,LINC02015
ENSG00000231808.2,chr9,111566,111847,L1MC5_c4912573,5,L1MC5_chr9:111567,LINE,L1,intergenic,chr9,112712,113754,1042,-,866,LINC01388
ENSG00000231808.2,chr9,111975,112176,L1MC5_c4912575,5,L1MC5_chr9:111976,LINE,L1,intergenic,chr9,112712,113754,1042,-,537,LINC01388
ENSG00000232118.2,chr21,29379405,29379931,MER89_c2913694,5,MER89_chr21:29379406,LTR,ERV1,intergenic,chr21,29370058,29376339,6281,-,3067,BACH1-AS1
ENSG00000232118.2,chr21,29392190,29392813,SVA_A_c2913718,5,SVA_A_chr21:29392191,Retroposon,SVA,intergenic,chr21,29370058,29376339,6281,-,15852,BACH1-AS1
ENSG00000232618.2,chr6,142959625,142959880,MLT1A0_c4283311,5,MLT1A0_chr6:142959626,LTR,ERVL-MaLR,intergenic,chr6,142946405,142957945,11540,+,1681,HIVEP2-DT
ENSG00000232618.2,chr6,142960275,142960374,MER94_c4283313,6,MER94_chr6:142960276,DNA,hAT-Blackjack,intergenic,chr6,142946405,142957945,11540,+,2331,HIVEP2-DT
ENSG00000232713.2,chr2,60938687,60939928,L1MC4_c2432401,8,L1MC4_chr2:60938688,LINE,L1,intergenic,chr2,60938203,60938604,401,-,84,RPS12P3
ENSG00000232759.1,chr7,22574976,22575281,AluJr_c4370459,5,AluJr_chr7:22574977,SINE,Alu,intergenic,chr7,22563336,22573996,10660,+,981,STEAP1B-AS1
ENSG00000232873.1,chr3,194573522,194574000,MamGypLTR3_c3379189,8,MamGypLTR3_chr3:194573523,LTR,Gypsy,intergenic,chr3,194562977,194564001,1024,-,9522,RPL23AP93
ENSG00000232949.2,chr7,22582602,22583135,LTR45_c4370472,5,LTR45_chr7:22582603,LTR,ERV1,intergenic,chr7,22589697,22602536,12839,+,6563,ENSG00000232949
ENSG00000232949.2,chr7,22646879,22648268,MLT1C2-int_c4370610,5,MLT1C2-int_chr7:22646880,LTR,ERVL-MaLR,intergenic,chr7,22589697,22602536,12839,+,44344,ENSG00000232949
ENSG00000234175.1,chr10,13139700,13140529,L1M4c_c476247,5,L1M4c_chr10:13139701,LINE,L1,intergenic,chr10,13139195,13139533,338,-,168,ENSG00000234175
ENSG00000234191.1,chrX,39397263,39397513,MIR_c5380593,5,MIR_chrX:39397264,SINE,MIR,intergenic,chrX,39401251,39434824,33573,-,3739,LINC01283
ENSG00000234191.1,chrX,39397534,39397638,MamRep434_c5380594,6,MamRep434_chrX:39397535,DNA,TcMar-Tigger,intergenic,chrX,39401251,39434824,33573,-,3614,LINC01283
ENSG00000234191.1,chrX,39399559,39399907,MLT1G_c5380597,6,MLT1G_chrX:39399560,LTR,ERVL-MaLR,intergenic,chrX,39401251,39434824,33573,-,1345,LINC01283
ENSG00000234191.1,chrX,39400142,39400565,Charlie8_c5380598,5,Charlie8_chrX:39400143,DNA,hAT-Charlie,intergenic,chrX,39401251,39434824,33573,-,687,LINC01283
ENSG00000234518.2,chr1,89103235,89103525,AluY_c193621,5,AluY_chr1:89103236,SINE,Alu,intergenic,chr1,89104284,89104767,483,-,760,PTGES3P1
ENSG00000234518.2,chr1,89105264,89105619,LTR78_c193622,8,LTR78_chr1:89105265,LTR,ERV1,intergenic,chr1,89104284,89104767,483,-,498,PTGES3P1
ENSG00000234756.1,chr10,62279136,62279446,AluY_c560894,5,AluY_chr10:62279137,SINE,Alu,intergenic,chr10,62289520,62304033,14513,+,10075,LINC02621
ENSG00000234756.1,chr10,62280193,62281803,LTR12C_c560896,6,LTR12C_chr10:62280194,LTR,ERV1,intergenic,chr10,62289520,62304033,14513,+,7718,LINC02621
ENSG00000234756.1,chr10,62282083,62282389,AluJr_c560897,6,AluJr_chr10:62282084,SINE,Alu,intergenic,chr10,62289520,62304033,14513,+,7132,LINC02621
ENSG00000234883.7,chr21,25575494,25575790,AluSz_c2906933,7,AluSz_chr21:25575495,SINE,Alu,intergenic,chr21,25561809,25575168,13359,+,327,MIR155HG
ENSG00000234883.7,chr21,25576042,25576188,MIRb_c2906934,6,MIRb_chr21:25576043,SINE,MIR,intergenic,chr21,25561809,25575168,13359,+,875,MIR155HG
ENSG00000234883.7,chr21,25577093,25577390,AluSq10_c2906937,6,AluSq10_chr21:25577094,SINE,Alu,intergenic,chr21,25561809,25575168,13359,+,1926,MIR155HG
ENSG00000234883.7,chr21,25577858,25578008,MER5A_c2906938,7,MER5A_chr21:25577859,DNA,hAT-Charlie,intergenic,chr21,25561809,25575168,13359,+,2691,MIR155HG
ENSG00000236530.2,chr4,80082034,80082377,MLT1A0_c3529465,6,MLT1A0_chr4:80082035,LTR,ERVL-MaLR,intergenic,chr4,80079531,80081122,1591,+,913,KPNA2P1
ENSG00000236530.2,chr4,80082552,80083057,MER44B_c3529467,5,MER44B_chr4:80082553,DNA,TcMar-Tigger,intergenic,chr4,80079531,80081122,1591,+,1431,KPNA2P1
ENSG00000236530.2,chr4,80083848,80084202,MLT1A1_c3529473,5,MLT1A1_chr4:80083849,LTR,ERVL-MaLR,intergenic,chr4,80079531,80081122,1591,+,2727,KPNA2P1
ENSG00000236530.2,chr4,80084202,80084768,L1MD2_c3529474,5,L1MD2_chr4:80084203,LINE,L1,intergenic,chr4,80079531,80081122,1591,+,3081,KPNA2P1
ENSG00000237522.1,chr2,60934734,60935028,AluJb_c2432394,5,AluJb_chr2:60934735,SINE,Alu,intergenic,chr2,60936818,60938049,1231,-,1791,NONOP2
ENSG00000237522.1,chr2,60935260,60935558,AluJr_c2432396,7,AluJr_chr2:60935261,SINE,Alu,intergenic,chr2,60936818,60938049,1231,-,1261,NONOP2
ENSG00000237522.1,chr2,60935630,60935914,AluSc_c2432398,5,AluSc_chr2:60935631,SINE,Alu,intergenic,chr2,60936818,60938049,1231,-,905,NONOP2
ENSG00000238015.2,chr1,78665521,78666049,MER1A_c175624,5,MER1A_chr1:78665522,DNA,hAT-Charlie,intergenic,chr1,78666271,78666695,424,+,223,ENSG00000238015
ENSG00000238015.2,chr1,78671940,78673808,L1PBb_c175628,5,L1PBb_chr1:78671941,LINE,L1,intergenic,chr1,78666271,78666695,424,+,5246,ENSG00000238015
ENSG00000248476.1,chr21,29364439,29364613,MLT1K_c2913661,5,MLT1K_chr21:29364440,LTR,ERVL-MaLR,intergenic,chr21,29351633,29361894,10261,+,2546,BACH1-IT1
ENSG00000249096.7,chr4,184362998,184363520,MLT1G_c3704396,5,MLT1G_chr4:184362999,LTR,ERVL-MaLR,intergenic,chr4,184365179,184382416,17237,-,1660,LINC02362
ENSG00000250148.1,chr5,60735298,60737247,L1PBa_c3808348,5,L1PBa_chr5:60735299,LINE,L1,intergenic,chr5,60743562,60744970,1408,-,6316,KRT8P31
ENSG00000250148.1,chr5,60738313,60741500,L1M1_c3808353,5,L1M1_chr5:60738314,LINE,L1,intergenic,chr5,60743562,60744970,1408,-,2063,KRT8P31
ENSG00000250148.1,chr5,60745052,60746192,L1PREC2_c3808360,5,L1PREC2_chr5:60745053,LINE,L1,intergenic,chr5,60743562,60744970,1408,-,83,KRT8P31
ENSG00000250929.2,chr8,103111093,103111488,MLT1C_c4799624,5,MLT1C_chr8:103111094,LTR,ERVL-MaLR,intergenic,chr8,103121031,103132966,11935,+,9544,LINC01181
ENSG00000250929.2,chr8,103114549,103115462,L1MEb_c4799628,6,L1MEb_chr8:103114550,LINE,L1,intergenic,chr8,103121031,103132966,11935,+,5570,LINC01181
ENSG00000251230.7,chr4,184855808,184856120,AluSx1_c3705396,5,AluSx1_chr4:184855809,SINE,Alu,intergenic,chr4,184843295,184855751,12456,-,58,MIR3945HG
ENSG00000253522.6,chr5,160490345,160490655,AluSz_c3988402,6,AluSz_chr5:160490346,SINE,Alu,intergenic,chr5,160468267,160487426,19159,+,2920,MIR3142HG
ENSG00000253795.1,chr8,103079744,103080059,MLT2B4_c4799564,5,MLT2B4_chr8:103079745,LTR,ERVL,intergenic,chr8,103085650,103086590,940,+,5592,MTND1P5
ENSG00000253795.1,chr8,103080059,103080419,THE1B_c4799565,9,THE1B_chr8:103080060,LTR,ERVL-MaLR,intergenic,chr8,103085650,103086590,940,+,5232,MTND1P5
ENSG00000254539.1,chr1,149047735,149048024,L1ME3Cz_c264291,5,L1ME3Cz_chr1:149047736,LINE,L1,intergenic,chr1,149048575,149051273,2698,+,552,ENSG00000254539
ENSG00000254554.1,chr11,10298684,10298893,L2a_c715394,5,L2a_chr11:10298685,LINE,L2,intergenic,chr11,10302656,10303704,1048,-,3764,ADM-DT
ENSG00000255921.1,chr12,24961285,24962757,L1M1_c993857,8,L1M1_chr12:24961286,LINE,L1,intergenic,chr12,24949162,24960158,10996,+,1128,ENSG00000255921
ENSG00000255921.1,chr12,24962755,24963263,L1M1_c993858,5,L1M1_chr12:24962756,LINE,L1,intergenic,chr12,24949162,24960158,10996,+,2598,ENSG00000255921
ENSG00000255921.1,chr12,24963263,24963960,MER4A_c993859,9,MER4A_chr12:24963264,LTR,ERV1,intergenic,chr12,24949162,24960158,10996,+,3106,ENSG00000255921
ENSG00000256235.3,chr5,150778285,150778464,MIRb_c3967284,6,MIRb_chr5:150778286,SINE,MIR,intergenic,chr5,150778756,150796734,17978,+,293,SMIM3
ENSG00000257924.1,chr12,47370600,47371143,Tigger13a_c1028242,5,Tigger13a_chr12:47370601,DNA,TcMar-Tigger,intergenic,chr12,47353753,47369935,16182,+,666,LINC02416
ENSG00000258441.1,chr14,21195390,21196001,MER50B_c1376261,6,MER50B_chr14:21195391,LTR,ERV1,intergenic,chr14,21200460,21206900,6440,-,4460,LINC00641
ENSG00000258441.1,chr14,21198916,21200108,L1MD2_c1376274,6,L1MD2_chr14:21198917,LINE,L1,intergenic,chr14,21200460,21206900,6440,-,353,LINC00641
ENSG00000260583.1,chr21,25579296,25579492,L1ME4b_c2906939,6,L1ME4b_chr21:25579297,LINE,L1,intergenic,chr21,25582769,25583326,557,-,3278,ENSG00000260583
ENSG00000260583.1,chr21,25579479,25580019,L1ME3Cz_c2906940,8,L1ME3Cz_chr21:25579480,LINE,L1,intergenic,chr21,25582769,25583326,557,-,2751,ENSG00000260583
ENSG00000260583.1,chr21,25580173,25580466,AluY_c2906941,7,AluY_chr21:25580174,SINE,Alu,intergenic,chr21,25582769,25583326,557,-,2304,ENSG00000260583
ENSG00000260583.1,chr21,25580515,25580720,L1ME3Cz_c2906942,7,L1ME3Cz_chr21:25580516,LINE,L1,intergenic,chr21,25582769,25583326,557,-,2050,ENSG00000260583
ENSG00000260583.1,chr21,25580720,25581019,AluSq2_c2906943,5,AluSq2_chr21:25580721,SINE,Alu,intergenic,chr21,25582769,25583326,557,-,1751,ENSG00000260583
ENSG00000260583.1,chr21,25581019,25581342,L1ME3Cz_c2906944,6,L1ME3Cz_chr21:25581020,LINE,L1,intergenic,chr21,25582769,25583326,557,-,1428,ENSG00000260583
ENSG00000260583.1,chr21,25581342,25581650,AluSx_c2906945,5,AluSx_chr21:25581343,SINE,Alu,intergenic,chr21,25582769,25583326,557,-,1120,ENSG00000260583
ENSG00000260583.1,chr21,25581685,25581991,AluSz_c2906947,6,AluSz_chr21:25581686,SINE,Alu,intergenic,chr21,25582769,25583326,557,-,779,ENSG00000260583
ENSG00000260583.1,chr21,25583337,25583400,L1ME3Cz_c2906952,5,L1ME3Cz_chr21:25583338,LINE,L1,intergenic,chr21,25582769,25583326,557,-,12,ENSG00000260583
ENSG00000260583.1,chr21,25583894,25584868,HAL1_c2906953,8,HAL1_chr21:25583895,LINE,L1,intergenic,chr21,25582769,25583326,557,-,569,ENSG00000260583
ENSG00000263050.1,chr17,2045164,2045272,MER102c_c1882318,5,MER102c_chr17:2045165,DNA,hAT-Charlie,intergenic,chr17,2043474,2044968,1494,-,197,DPH1-AS1
ENSG00000271216.2,chr13,42818074,42819653,THE1B-int_c1252173,5,THE1B-int_chr13:42818075,LTR,ERVL-MaLR,intergenic,chr13,42810365,42814897,4532,-,3178,LINC01050
ENSG00000271947.1,chr2,6904819,6905616,L1PA7_c2329678,7,L1PA7_chr2:6904820,LINE,L1,intergenic,chr2,6905723,6906301,578,-,108,ENSG00000271947
ENSG00000273272.2,chr22,50543052,50543358,AluYm1_c3025221,6,AluYm1_chr22:50543053,SINE,Alu,intergenic,chr22,50541107,50543011,1904,+,42,ENSG00000273272
ENSG00000274210.1,chr1,148523126,148523417,AluJb_c263383,6,AluJb_chr1:148523127,SINE,Alu,intergenic,chr1,148522600,148522765,165,+,362,RNVU1-27
ENSG00000274235.1,chr5,150955720,150957067,L1MDa_c3967587,5,L1MDa_chr5:150955721,LINE,L1,intergenic,chr5,150950108,150952460,2352,-,3261,ENSG00000274235
ENSG00000274235.1,chr5,150961393,150964107,MER4-int_c3967602,5,MER4-int_chr5:150961394,LTR,ERV1,intergenic,chr5,150950108,150952460,2352,-,8934,ENSG00000274235
ENSG00000276216.1,chr1,145281641,145281931,AluSz_c257214,6,AluSz_chr1:145281642,SINE,Alu,intergenic,chr1,145281115,145281462,347,+,180,ENSG00000276216
ENSG00000279320.1,chr3,146507240,146507355,LTR24C_c3291699,5,LTR24C_chr3:146507241,LTR,ERV1,intergenic,chr3,146504569,146506560,1991,-,681,ENSG00000279320
ENSG00000279320.1,chr3,146507602,146508095,MLT1A-int_c3291701,7,MLT1A-int_chr3:146507603,LTR,ERVL-MaLR,intergenic,chr3,146504569,146506560,1991,-,1043,ENSG00000279320
ENSG00000279320.1,chr3,146508727,146508952,L1MC4_c3291704,5,L1MC4_chr3:146508728,LINE,L1,intergenic,chr3,146504569,146506560,1991,-,2168,ENSG00000279320
ENSG00000279320.1,chr3,146509164,146509881,Tigger13a_c3291706,6,Tigger13a_chr3:146509165,DNA,TcMar-Tigger,intergenic,chr3,146504569,146506560,1991,-,2605,ENSG00000279320
ENSG00000279320.1,chr3,146510396,146510696,L2b_c3291708,7,L2b_chr3:146510397,LINE,L2,intergenic,chr3,146504569,146506560,1991,-,3837,ENSG00000279320
ENSG00000281593.1,chr7,30414475,30420503,L1PA2_c4385196,6,L1PA2_chr7:30414476,LINE,L1,intergenic,chr7,30362399,30412502,50103,+,1974,ENSG00000281593
ENSG00000285744.1,chr8,78957326,78958463,L1MA9_c4755089,8,L1MA9_chr8:78957327,LINE,L1,intergenic,chr8,78805292,78956082,150790,+,1245,ENSG00000285744
ENSG00000285744.1,chr8,78959032,78959481,BLACKJACK_c4755093,5,BLACKJACK_chr8:78959033,DNA,hAT-Blackjack,intergenic,chr8,78805292,78956082,150790,+,2951,ENSG00000285744
ENSG00000285744.1,chr8,78959599,78959820,L2b_c4755094,5,L2b_chr8:78959600,LINE,L2,intergenic,chr8,78805292,78956082,150790,+,3518,ENSG00000285744
ENSG00000285744.1,chr8,78960359,78960433,L2d2_c4755095,5,L2d2_chr8:78960360,LINE,L2,intergenic,chr8,78805292,78956082,150790,+,4278,ENSG00000285744
ENSG00000285744.1,chr8,78960980,78961059,MLT1C2_c4755096,5,MLT1C2_chr8:78960981,LTR,ERVL-MaLR,intergenic,chr8,78805292,78956082,150790,+,4899,ENSG00000285744
ENSG00000285744.1,chr8,78961062,78961430,L1MB7_c4755097,7,L1MB7_chr8:78961063,LINE,L1,intergenic,chr8,78805292,78956082,150790,+,4981,ENSG00000285744
ENSG00000285744.1,chr8,78975351,78975706,THE1B_c4755123,5,THE1B_chr8:78975352,LTR,ERVL-MaLR,intergenic,chr8,78805292,78956082,150790,+,19270,ENSG00000285744
ENSG00000285744.1,chr8,78975995,78977006,L1MC1_c4755125,5,L1MC1_chr8:78975996,LINE,L1,intergenic,chr8,78805292,78956082,150790,+,19914,ENSG00000285744
ENSG00000285744.1,chr8,78977436,78979838,L1MC1_c4755129,6,L1MC1_chr8:78977437,LINE,L1,intergenic,chr8,78805292,78956082,150790,+,21355,ENSG00000285744
ENSG00000287691.1,chr1,32914217,32915357,Tigger1_c76245,5,Tigger1_chr1:32914218,DNA,TcMar-Tigger,intergenic,chr1,32925453,32951638,26185,+,10097,ENSG00000287691
ENSG00000287733.1,chr7,135175954,135176995,HERV3-int_c4574935,5,HERV3-int_chr7:135175955,LTR,ERV1,intergenic,chr7,135170815,135172414,1599,+,3541,ENSG00000287733
ENSG00000288582.2,chr2,191715752,191716193,MLT1K_c2657260,5,MLT1K_chr2:191715753,LTR,ERVL-MaLR,intergenic,chr2,191733427,191741097,7670,+,17235,ENSG00000288582
ENSG00000288919.1,chr19,39404372,39404673,AluSq2_c2269412,5,AluSq2_chr19:39404373,SINE,Alu,intergenic,chr19,39402841,39404200,1359,+,173,ENSG00000288919
ENSG00000288919.1,chr19,39404681,39404979,AluYk2_c2269413,5,AluYk2_chr19:39404682,SINE,Alu,intergenic,chr19,39402841,39404200,1359,+,482,ENSG00000288919
ENSG00000288919.1,chr19,39405204,39405500,AluSz_c2269414,6,AluSz_chr19:39405205,SINE,Alu,intergenic,chr19,39402841,39404200,1359,+,1005,ENSG00000288919
ENSG00000289465.1,chr11,110088351,110088403,L2b_c900232,5,L2b_chr11:110088352,LINE,L2,intergenic,chr11,109803904,110088184,284280,-,168,ENSG00000289465
ENSG00000289526.2,chr11,35073798,35074175,THE1D_c762398,5,THE1D_chr11:35073799,LTR,ERVL-MaLR,intergenic,chr11,35037293,35067192,29899,-,6607,ENSG00000289526
ENSG00000289526.2,chr11,35078338,35078672,ERV3-16A3_LTR_c762404,5,ERV3-16A3_LTR_chr11:35078339,LTR,ERVL,intergenic,chr11,35037293,35067192,29899,-,11147,ENSG00000289526
ENSG00000289530.1,chr4,73706164,73706285,L2a_c3518213,5,L2a_chr4:73706165,LINE,L2,intergenic,chr4,73706322,73709526,3204,-,38,ENSG00000289530
ENSG00000289582.1,chr1,89126594,89126897,AluJo_c193645,6,AluJo_chr1:89126595,SINE,Alu,intergenic,chr1,89127159,89127432,273,-,263,ENSG00000289582
ENSG00000290578.1,chr1,146403973,146404986,PRIMA4-int_c259374,5,PRIMA4-int_chr1:146403974,LTR,ERV1,intergenic,chr1,146321213,146401647,80434,-,2327,ENSG00000290578
ENSG00000290838.1,chr7,73236301,73236596,AluSz_c4460099,6,AluSz_chr7:73236302,SINE,Alu,intergenic,chr7,73220638,73235945,15307,+,357,NCF1B
ENSG00000290862.1,chr3,185984883,185985360,L1ME4a_c3362405,5,L1ME4a_chr3:185984884,LINE,L1,intergenic,chr3,185959942,185980872,20930,+,4012,NMRAL2P
ENSG00000291077.1,chr1,16215462,16215744,AluSp_c32265,5,AluSp_chr1:16215463,SINE,Alu,intergenic,chr1,16215906,16217425,1519,-,163,ENSG00000291077
ENSG00000291308.1,chr8,143031804,143032468,LTR62_c4876418,5,LTR62_chr8:143031805,LTR,ERVL,intergenic,chr8,143025682,143025802,120,-,6003,ENSG00000291308
