Dataset,Sample_Name,Infection_State,Time_Point
Virus_EBV_2,Virus_EBV_2_Pre_SRR8514718,Pre,0d
Virus_EBV_2,Virus_EBV_2_Pre_SRR8514719,Pre,0d
Virus_EBV_2,Virus_EBV_2_Pre_SRR8514720,Pre,0d
Virus_EBV_2,Virus_EBV_2_Post_SRR8514721,Post,2d
Virus_EBV_2,Virus_EBV_2_Post_SRR8514722,Post,2d
Virus_EBV_2,Virus_EBV_2_Post_SRR8514723,Post,2d
Virus_EBV_2,Virus_EBV_2_Post_SRR8514724,Post,4d
Virus_EBV_2,Virus_EBV_2_Post_SRR8514725,Post,4d
Virus_EBV_2,Virus_EBV_2_Post_SRR8514726,Post,4d
Virus_EBV_2,Virus_EBV_2_Post_SRR8514727,Post,7d
Virus_EBV_2,Virus_EBV_2_Post_SRR8514728,Post,7d
Virus_EBV_2,Virus_EBV_2_Post_SRR8514729,Post,7d
Virus_EBV_2,Virus_EBV_2_Post_SRR8514730,Post,14d
Virus_EBV_2,Virus_EBV_2_Post_SRR8514731,Post,14d
Virus_EBV_2,Virus_EBV_2_Post_SRR8514732,Post,14d
Virus_EBV_2,Virus_EBV_2_Post_SRR8514733,Post,21d
Virus_EBV_2,Virus_EBV_2_Post_SRR8514734,Post,21d
Virus_EBV_2,Virus_EBV_2_Post_SRR8514735,Post,21d
Virus_EBV_2,Virus_EBV_2_Post_SRR8514736,Post,28d
Virus_EBV_2,Virus_EBV_2_Post_SRR8514737,Post,28d
Virus_EBV_2,Virus_EBV_2_Post_SRR8514738,Post,28d
Virus_EBV_5,Virus_EBV_5_Pre_SRR12343768,Pre,0d
Virus_EBV_5,Virus_EBV_5_Pre_SRR12343769,Pre,0d
Virus_EBV_5,Virus_EBV_5_Post_SRR12343770,Post,2d
Virus_EBV_5,Virus_EBV_5_Post_SRR12343771,Post,2d
Virus_EBV_5,Virus_EBV_5_Post_SRR12343772,Post,7d
Virus_EBV_5,Virus_EBV_5_Post_SRR12343773,Post,7d
Virus_EBV_5,Virus_EBV_5_Post_SRR12343774,Post,21d
Virus_EBV_5,Virus_EBV_5_Post_SRR12343775,Post,21d
Fungi_Af_4,Fungi_Af_4_Pre_GSM3681964,Pre,0h
Fungi_Af_4,Fungi_Af_4_Pre_GSM3681965,Pre,0h
Fungi_Af_4,Fungi_Af_4_Pre_GSM3681966,Pre,0h
Fungi_Af_4,Fungi_Af_4_Post_GSM3681967,Post,2h
Fungi_Af_4,Fungi_Af_4_Post_GSM3681968,Post,2h
Fungi_Af_4,Fungi_Af_4_Post_GSM3681969,Post,2h
Fungi_Af_4,Fungi_Af_4_Post_GSM3681970,Post,6h
Fungi_Af_4,Fungi_Af_4_Post_GSM3681971,Post,6h
Fungi_Af_4,Fungi_Af_4_Post_GSM3681972,Post,6h
Fungi_Af_6,Fungi_Af_6_Pre_SRR2932928,Pre,0h
Fungi_Af_6,Fungi_Af_6_Pre_SRR2932929,Pre,0h
Fungi_Af_6,Fungi_Af_6_Pre_SRR2932930,Pre,0h
Fungi_Af_6,Fungi_Af_6_Pre_SRR2932931,Pre,0h
Fungi_Af_6,Fungi_Af_6_Pre_SRR2932932,Pre,0h
Fungi_Af_6,Fungi_Af_6_Pre_SRR2932933,Pre,0h
Fungi_Af_6,Fungi_Af_6_Post_SRR2932940,Post,1h
Fungi_Af_6,Fungi_Af_6_Post_SRR2932941,Post,1h
Fungi_Af_6,Fungi_Af_6_Post_SRR2932942,Post,1h
Fungi_Af_6,Fungi_Af_6_Post_SRR2932943,Post,1h
Fungi_Af_6,Fungi_Af_6_Post_SRR2932944,Post,1h
Fungi_Af_6,Fungi_Af_6_Post_SRR2932945,Post,1h
Fungi_Af_6,Fungi_Af_6_Post_SRR2932952,Post,6h
Fungi_Af_6,Fungi_Af_6_Post_SRR2932953,Post,6h
Fungi_Af_6,Fungi_Af_6_Post_SRR2932954,Post,6h
Fungi_Af_6,Fungi_Af_6_Post_SRR2932955,Post,6h
Fungi_Af_6,Fungi_Af_6_Post_SRR2932956,Post,6h
Fungi_Af_6,Fungi_Af_6_Post_SRR2932957,Post,6h
Virus_IAV_11,Virus_IAV_11_Pre_GSM4230516,Pre,0h
Virus_IAV_11,Virus_IAV_11_Pre_GSM4230517,Pre,0h
Virus_IAV_11,Virus_IAV_11_Pre_GSM4230518,Pre,0h
Virus_IAV_11,Virus_IAV_11_Post_GSM4230519,Post,6h
Virus_IAV_11,Virus_IAV_11_Post_GSM4230520,Post,6h
Virus_IAV_11,Virus_IAV_11_Post_GSM4230521,Post,6h
Virus_IAV_11,Virus_IAV_11_Post_GSM4230522,Post,12h
Virus_IAV_11,Virus_IAV_11_Post_GSM4230523,Post,12h
Virus_IAV_11,Virus_IAV_11_Post_GSM4230524,Post,12h
Virus_RSV_1,Virus_RSV_1_Pre_SRR12329663,Pre,0d
Virus_RSV_1,Virus_RSV_1_Pre_SRR12329664,Pre,0d
Virus_RSV_1,Virus_RSV_1_Post_SRR12329665,Post,1d
Virus_RSV_1,Virus_RSV_1_Post_SRR12329666,Post,1d
Virus_RSV_1,Virus_RSV_1_Post_SRR12329667,Post,2d
Virus_RSV_1,Virus_RSV_1_Post_SRR12329668,Post,2d
Virus_HCV_1,Virus_HCV_1_Post_73di1,Post,3d
Virus_HCV_1,Virus_HCV_1_Post_73di2,Post,3d
Virus_HCV_1,Virus_HCV_1_Post_73di3,Post,3d
Virus_HCV_1,Virus_HCV_1_Pre_73dm1,Pre,3d
Virus_HCV_1,Virus_HCV_1_Pre_73dm2,Pre,3d
Virus_HCV_1,Virus_HCV_1_Pre_73dm3,Pre,3d
Virus_HCV_1,Virus_HCV_1_Post_75di1,Post,5d
Virus_HCV_1,Virus_HCV_1_Post_75di2,Post,5d
Virus_HCV_1,Virus_HCV_1_Post_75di3,Post,5d